id,anon_name,categories,city,city_imputed,synthetic,price_from_kzt,price_imputed,event_formats,languages,max_hours,busy_dates,description
HK-10990,Тодороки Шото,Видеограф,Астана,false,false,400000,false,свадьба,английский|русский,12.0,2026-09-23|2026-09-28|2026-09-29|2026-10-05|2026-10-07|2026-10-08|2026-10-16|2026-10-17|2026-10-24|2026-10-27|2026-10-29|2026-11-07|2026-11-08|2026-11-09|2026-11-10|2026-11-11|2026-11-14|2026-11-15|2026-11-19|2026-11-25|2026-11-27|2026-11-28|2026-12-01|2026-12-03|2026-12-06|2026-12-07|2026-12-09|2026-12-10|2026-12-11|2026-12-13|2026-12-15|2026-12-16|2026-12-17|2026-12-18|2026-12-19|2026-12-20|2026-12-21|2026-12-22|2026-12-24|2026-12-25|2026-12-26|2026-12-28|2026-12-30|2026-12-31,"TODOROKI SHOTO WEDDING VIDEOGRAPHER -colorist of the year 2025 🏆 Считаю себя счастливым человеком, так как любимое занятие стало делом моей жизни. Больше всего в съёмке я ценю слаженную работу в команде, где все ориентированы на качественный результат, полностью отдаваясь процессу. А качественным результатом считаю благодарные отзывы моих пар и собственное удовлетворение от проделанной работы."
HK-11484,Уинри Рокбелл,Декоратор,Алматы,false,false,2000000,false,корпоратив|свадьба|юбилей,английский|русский,,2026-09-25|2026-09-27|2026-10-04|2026-10-05|2026-10-12|2026-10-13|2026-10-16|2026-10-17|2026-10-18|2026-10-22|2026-10-23|2026-10-24|2026-10-25|2026-10-30|2026-11-01|2026-11-02|2026-11-03|2026-11-09|2026-11-10|2026-11-12|2026-11-13|2026-11-14|2026-11-15|2026-11-17|2026-11-19|2026-11-27|2026-11-29|2026-12-01|2026-12-02|2026-12-04|2026-12-07|2026-12-08|2026-12-09|2026-12-12|2026-12-13|2026-12-14|2026-12-16|2026-12-17|2026-12-18|2026-12-19|2026-12-20|2026-12-21|2026-12-22|2026-12-23|2026-12-25|2026-12-26|2026-12-28|2026-12-29|2026-12-30|2026-12-31,"Casa Yuki Lusso — студия авторского декора мероприятий. Более 5 лет создаём концепции свадеб, юбилеев и корпоративных событий премиум-уровня. Работаем под ключ: от идеи и эскиза до монтажа и финальной реализации. Каждый проект — индивидуальная концепция, отражающая стиль и статус клиента. Наш приоритет — эстетика, точность исполнения и вау-эффект. индивидуальные концепции под клиента авторские эскизы перед реализацией собственное производство конструкций работа под ключ без стресса для клиента опыт крупных проектов и масштабных площадок"
HK-16628,Нобара Кугисаки,Фотограф,Алматы,false,false,600000,false,корпоратив|свадьба,английский|русский,12.0,2026-09-25|2026-09-26|2026-10-01|2026-10-09|2026-10-11|2026-10-16|2026-10-17|2026-10-18|2026-10-26|2026-10-28|2026-10-30|2026-10-31|2026-11-06|2026-11-07|2026-11-08|2026-11-14|2026-11-16|2026-11-20|2026-11-22|2026-11-23|2026-11-25|2026-11-28|2026-12-01|2026-12-02|2026-12-04|2026-12-05|2026-12-06|2026-12-08|2026-12-10|2026-12-11|2026-12-12|2026-12-14|2026-12-15|2026-12-16|2026-12-17|2026-12-19|2026-12-20|2026-12-21|2026-12-22|2026-12-24|2026-12-26|2026-12-27|2026-12-29|2026-12-30|2026-12-31,"Нобара Кугисаки — профессиональный фотограф с тонким чувством стиля и вниманием к деталям. Является свадебным и репортажным фотографом, умеет ловить живые эмоции и передавать атмосферу события через искренние, естественные кадры. Работает по всему Казахстану и за рубежом, создавая эстетичные и живые истории."
HK-19103,Мэй Кусакабэ,Национальный ансамбль|Танцевальный коллектив|Шоу-программа,Алматы,true,false,400000,false,свадьба|той|юбилей,казахский,2.0,2026-09-25|2026-09-26|2026-09-30|2026-10-02|2026-10-03|2026-10-06|2026-10-07|2026-10-08|2026-10-09|2026-10-14|2026-10-19|2026-10-24|2026-10-27|2026-11-05|2026-11-06|2026-11-07|2026-11-13|2026-11-15|2026-11-16|2026-11-21|2026-11-23|2026-11-25|2026-11-29|2026-12-01|2026-12-02|2026-12-04|2026-12-05|2026-12-06|2026-12-07|2026-12-08|2026-12-09|2026-12-10|2026-12-11|2026-12-13|2026-12-14|2026-12-15|2026-12-18|2026-12-19|2026-12-20|2026-12-21|2026-12-22|2026-12-24|2026-12-26|2026-12-28|2026-12-29|2026-12-30|2026-12-31,"Творческий коллектив Sakura Dala — духовная, энергичная команда джигитов. Sakura Dala, снискавший народную любовь, готов выступить на вашем торжестве! Если хотите превратить своё торжество в настоящий духовный праздник и подарить гостям незабываемые впечатления — свяжитесь с нами!"
HK-20640,Шикамару Нара,Фотограф,Алматы,false,false,150000,false,день рождения|корпоратив|юбилей,русский,4.0,2026-09-25|2026-09-26|2026-09-29|2026-10-07|2026-10-08|2026-10-11|2026-10-12|2026-10-15|2026-10-17|2026-10-20|2026-10-25|2026-10-26|2026-10-31|2026-11-01|2026-11-05|2026-11-06|2026-11-07|2026-11-10|2026-11-14|2026-11-15|2026-11-19|2026-11-20|2026-11-22|2026-11-25|2026-11-27|2026-11-30|2026-12-01|2026-12-02|2026-12-03|2026-12-05|2026-12-06|2026-12-07|2026-12-08|2026-12-10|2026-12-11|2026-12-13|2026-12-14|2026-12-15|2026-12-16|2026-12-17|2026-12-18|2026-12-19|2026-12-21|2026-12-24|2026-12-25|2026-12-27|2026-12-28|2026-12-30,"Шикамару Нара — профессиональный фотограф, специализирующийся на съёмке событий и частных мероприятий. Его работы — это внимание к деталям, живые эмоции и аккуратная, эстетичная подача, которая сохраняет атмосферу события и его настроение."
HK-23752,Дзэнъицу Агацума,Лайв-бэнд,Алматы,false,false,1150000,false,корпоратив|свадьба|той|юбилей,казахский|русский,6.0,2026-09-26|2026-09-28|2026-09-30|2026-10-02|2026-10-17|2026-10-18|2026-10-20|2026-10-23|2026-10-25|2026-10-31|2026-11-01|2026-11-02|2026-11-07|2026-11-08|2026-11-09|2026-11-11|2026-11-12|2026-11-14|2026-11-15|2026-11-16|2026-11-17|2026-11-19|2026-11-26|2026-11-27|2026-11-28|2026-12-02|2026-12-03|2026-12-04|2026-12-05|2026-12-06|2026-12-07|2026-12-11|2026-12-12|2026-12-14|2026-12-15|2026-12-17|2026-12-18|2026-12-20|2026-12-21|2026-12-22|2026-12-23|2026-12-24|2026-12-26|2026-12-27|2026-12-28|2026-12-30|2026-12-31,"В репертуаре группы большой выбор казахских песен, ретро-шлягеров, хитов 80-х, 90-х, 2000-х, а так же, современные хиты. Начиная от модных ивэнтов до масштабных свадеб, «Thunder Breath Band» идеально впишется в любой формат мероприятия! Наши музыканты профессионалы своего дела. Их любовь к музыке передаётся каждой ноте. «Thunder Breath Band» band – это парад незабываемых впечатлений и отличного настроения. Расширенный состав Thunder Breath Band: 🎤 два вокалиста 🎤 вокалистка 🥁 барабанщик 🎸 бас-гитарист 🎸 соло-гитарист 🎺 труба 🎷 саксофон 🎵 тромбон Репертуар включает ретро-хиты, треки из нулевых, современные композиции и казахскую музыку. Такой состав даёт плотный живой звук, который наполняет пространство и создаёт атмосферу настоящего выступления."
HK-25279,Мегумин,Лайв-бэнд,Алматы,false,false,800000,false,день рождения|корпоратив|юбилей,русский,5.0,2026-09-23|2026-09-30|2026-10-02|2026-10-06|2026-10-08|2026-10-11|2026-10-12|2026-10-20|2026-10-21|2026-10-24|2026-10-27|2026-10-29|2026-10-31|2026-11-05|2026-11-07|2026-11-08|2026-11-09|2026-11-11|2026-11-13|2026-11-14|2026-11-16|2026-11-17|2026-11-18|2026-11-22|2026-11-23|2026-11-28|2026-12-01|2026-12-02|2026-12-03|2026-12-05|2026-12-06|2026-12-07|2026-12-09|2026-12-11|2026-12-12|2026-12-13|2026-12-14|2026-12-15|2026-12-16|2026-12-17|2026-12-18|2026-12-19|2026-12-20|2026-12-24|2026-12-25|2026-12-26|2026-12-27|2026-12-28|2026-12-29|2026-12-30|2026-12-31,"Мы — Crimson Demon Live! И да, мы действительно сверкаем — звуком, энергией и атмосферой, которую создаём на сцене."
HK-26808,Идзуку Мидория,Ведущий,Астана,false,false,600000,true,свадьба|той|юбилей,казахский|русский,8.0,2026-09-24|2026-09-25|2026-09-26|2026-09-27|2026-09-28|2026-09-30|2026-10-01|2026-10-02|2026-10-04|2026-10-09|2026-10-15|2026-10-16|2026-10-17|2026-10-21|2026-10-23|2026-10-24|2026-10-30|2026-10-31|2026-11-04|2026-11-05|2026-11-06|2026-11-07|2026-11-10|2026-11-11|2026-11-13|2026-11-17|2026-11-20|2026-11-22|2026-11-23|2026-11-24|2026-11-29|2026-11-30|2026-12-01|2026-12-03|2026-12-05|2026-12-09|2026-12-10|2026-12-11|2026-12-12|2026-12-13|2026-12-15|2026-12-16|2026-12-17|2026-12-18|2026-12-19|2026-12-20|2026-12-21|2026-12-22|2026-12-24|2026-12-25|2026-12-28|2026-12-29|2026-12-30|2026-12-31,Финалист премии AniWed Awards KZ ’23 Резидент авторской группы «SakuraLab» Ведущий проекта «3 Момо» Организатор и ведущий интенсива «AniWed Pro» Участник международной конференции «AnimeTime» Сценарист команды КВН Высшей лиги Резидент и основатель клуба «Ghibli Stand-Up» Отец самой красивой девочки на свете
HK-27222,Сон Гоку,Ведущий,Алматы,false,false,1000000,false,конференция|корпоратив|свадьба|той,казахский|русский,10.0,2026-09-24|2026-09-25|2026-09-26|2026-09-27|2026-09-28|2026-09-29|2026-10-01|2026-10-02|2026-10-03|2026-10-05|2026-10-09|2026-10-12|2026-10-16|2026-10-17|2026-10-19|2026-10-21|2026-10-24|2026-10-25|2026-10-28|2026-10-30|2026-10-31|2026-11-01|2026-11-03|2026-11-04|2026-11-07|2026-11-09|2026-11-10|2026-11-12|2026-11-13|2026-11-17|2026-11-21|2026-11-24|2026-11-27|2026-11-29|2026-12-01|2026-12-02|2026-12-05|2026-12-06|2026-12-07|2026-12-08|2026-12-12|2026-12-14|2026-12-15|2026-12-16|2026-12-17|2026-12-18|2026-12-19|2026-12-21|2026-12-22|2026-12-24|2026-12-25|2026-12-26|2026-12-27|2026-12-28|2026-12-29|2026-12-30|2026-12-31,"Сон Гоку — один из самых востребованных двуязычных ведущих Алматы с опытом более 12 лет. Его стиль — европейская подача, тонкий юмор, уважение к традициям и умение создать атмосферу, в которой комфортно каждому гостю. Начав карьеру на телевидении, Гоку стал голосом крупнейших медиа Казахстана и постоянным ведущим масштабных событий. Его профессиональная история включает работу на телеканалах Aiyar TV, Nurdala TV, Otan TV, HitStar TV, SportSekai и радиостанциях Hikari FM, Yume FM. С Гоку сотрудничали Magna Market, Hikari Premium Al-Farabi, Kurichiken, MoonBucks, Sora Bank, Tsuki Bank, Ginkgo Group, MegaHoshi Mall, Merlin Ghibli DIY, Eureka Ghibli и другие бренды. Гоку — ведущий, который держит зал, уважает культуру и превращает событие в тёплую, лёгкую и динамичную историю."
HK-29829,Аня Форджер,Ведущий,Алматы,false,false,700000,false,день рождения|корпоратив|юбилей,русский,6.0,2026-09-24|2026-09-30|2026-10-01|2026-10-02|2026-10-05|2026-10-09|2026-10-11|2026-10-13|2026-10-14|2026-10-16|2026-10-17|2026-10-21|2026-10-22|2026-10-28|2026-11-02|2026-11-04|2026-11-12|2026-11-15|2026-11-16|2026-11-17|2026-11-18|2026-11-19|2026-11-26|2026-12-01|2026-12-02|2026-12-05|2026-12-07|2026-12-08|2026-12-09|2026-12-10|2026-12-11|2026-12-12|2026-12-13|2026-12-14|2026-12-15|2026-12-16|2026-12-17|2026-12-18|2026-12-19|2026-12-20|2026-12-21|2026-12-23|2026-12-26|2026-12-28|2026-12-29|2026-12-30|2026-12-31,"Без долгих речей и наставлений на ивентах. Только развлечения и танцы. Интересен любой публике — как взрослым, так и молодежи. Аня также обаятельна в жизни, как и на сцене. Она — ответственная, исполнительная и креативная."
HK-30583,Леорио Паради,Фотограф,Алматы,false,false,350000,false,конференция|корпоратив|свадьба,английский|русский,8.0,2026-09-23|2026-09-27|2026-10-02|2026-10-03|2026-10-11|2026-10-15|2026-10-17|2026-10-22|2026-10-24|2026-10-25|2026-10-30|2026-11-01|2026-11-06|2026-11-07|2026-11-11|2026-11-14|2026-11-15|2026-11-16|2026-11-17|2026-11-21|2026-11-22|2026-11-24|2026-11-25|2026-12-03|2026-12-06|2026-12-09|2026-12-10|2026-12-11|2026-12-12|2026-12-13|2026-12-15|2026-12-16|2026-12-17|2026-12-18|2026-12-19|2026-12-20|2026-12-21|2026-12-22|2026-12-23|2026-12-24|2026-12-26|2026-12-27|2026-12-28|2026-12-29|2026-12-30|2026-12-31,"Всем привет. Меня зовут Леорио. Являюсь свадебным фотографом. Работаю в Алматы и по всему миру. Очень часто снимаю и в Астане. Эстетика, атмосфера, детали — это все про меня. География моих съемок: Франция(fashion week), Италия, Великобритания, Турция, Грузия, ОАЭ, Азербайджан и тд. Помимо свадеб снимаю и концерты, имею такие кейсы как: MC Kaze, Crimson Peas, Ray Nova, IL Sora, Sakura Sterling, Yumeko, Kaze Khalib, Tengri Bek, Baku Star, RiverSound, Aiyar Ray, Miras Hoshi. До встречи и на ваших меропориятиях! aniportfolio.kz"
HK-31819,Каору Камия,Лайв-бэнд,Алматы,false,false,1150000,false,день рождения|корпоратив|юбилей,английский|русский,5.0,2026-09-26|2026-10-03|2026-10-06|2026-10-07|2026-10-08|2026-10-09|2026-10-11|2026-10-12|2026-10-14|2026-10-15|2026-10-17|2026-10-20|2026-10-24|2026-10-25|2026-10-27|2026-10-30|2026-10-31|2026-11-01|2026-11-02|2026-11-04|2026-11-07|2026-11-09|2026-11-12|2026-11-13|2026-11-14|2026-11-19|2026-11-20|2026-11-21|2026-11-27|2026-11-30|2026-12-01|2026-12-02|2026-12-03|2026-12-04|2026-12-05|2026-12-07|2026-12-08|2026-12-09|2026-12-11|2026-12-12|2026-12-13|2026-12-15|2026-12-16|2026-12-17|2026-12-18|2026-12-19|2026-12-20|2026-12-21|2026-12-23|2026-12-25|2026-12-26|2026-12-27|2026-12-29|2026-12-30|2026-12-31,"«Rurouni Sound» – это особое и незабываемое звучание самых ярких и любимых вам музыкальных композиций. Группа одинаково хорошо звучит как на больших концертных площадках и open-air’ах, так и в маленьких уютных клубах. Визитная карточка группы — это сочетание высокого профессионализма каждого музыканта и незабываемого вокала солистки, что в целом создаёт на сцене безумную энергетику драйва. Расширенный состав группы Rurouni Sound: 🎤 вокалист 🎤 вокалистка 🥁 барабанщик 🎸 бас-гитарист 🎸 соло-гитарист 🎺 труба 🎷 саксофон 🎵 тромбон Большой состав группы Rurouni Sound: 🎤4 профессиональных вокалиста 🥁барабанщик,перкуссионист, 🎸бас-гитарист,соло-гитарист 🎺 труба 🎷 саксофон 🎵 тромбон 🎻 струнный квартет (4 музыканта) 🔉звукорежиссёр Репертуар: от ретро-хитов до современных треков: любимые песни 80-х, 90-х, 2000-х, современные композиции и, конечно, казахская музыка."
HK-35215,Кики,Ведущий,Алматы,false,false,900000,false,корпоратив|свадьба|той|юбилей,английский|казахский|русский,10.0,2026-09-23|2026-09-26|2026-09-27|2026-09-28|2026-09-29|2026-10-01|2026-10-03|2026-10-05|2026-10-08|2026-10-10|2026-10-11|2026-10-16|2026-10-20|2026-10-24|2026-10-28|2026-11-02|2026-11-03|2026-11-05|2026-11-06|2026-11-07|2026-11-08|2026-11-10|2026-11-11|2026-11-13|2026-11-14|2026-11-16|2026-11-18|2026-11-19|2026-11-20|2026-11-22|2026-11-30|2026-12-01|2026-12-03|2026-12-05|2026-12-06|2026-12-07|2026-12-09|2026-12-11|2026-12-12|2026-12-13|2026-12-14|2026-12-15|2026-12-16|2026-12-18|2026-12-20|2026-12-21|2026-12-22|2026-12-23|2026-12-25|2026-12-26|2026-12-29|2026-12-30|2026-12-31,"Кики — редкое сочетание тонкого юмора, харизмы и безупречных манер. Он создаёт атмосферу, в которой гости чувствуют себя вовлечёнными, а праздник — особенным. С ним вы узнаете, что такое персональный подход и как выглядит идеально выстроенное мероприятие. Работает на казахском, русском и английском языках. Ведёт все форматы: свадьбы, проводы невесты, обряд первых шагов, праздник в честь новорождённого, поминальный обед, памятные годовщины, юбилеи, той обрезания, тимбилдинги, конференции и крупные события. Кики входит в топ-10 ведущих Казахстана и остаётся тем профессионалом, которому доверяют самые важные дни. Ваш праздник — в руках ведущего, который делает уровень. Всегда ваш, Кики."
HK-35846,Аска Ленгли,Фото и видеобудки|Шоу-программа,Алматы,true,false,450000,true,конференция|корпоратив|свадьба|юбилей,английский|русский,6.0,2026-09-23|2026-09-30|2026-10-01|2026-10-03|2026-10-07|2026-10-09|2026-10-16|2026-10-17|2026-10-19|2026-10-23|2026-10-24|2026-10-25|2026-10-26|2026-10-28|2026-10-30|2026-11-01|2026-11-05|2026-11-07|2026-11-13|2026-11-15|2026-11-19|2026-11-21|2026-11-26|2026-11-27|2026-11-28|2026-11-29|2026-12-01|2026-12-02|2026-12-03|2026-12-04|2026-12-05|2026-12-06|2026-12-07|2026-12-08|2026-12-10|2026-12-11|2026-12-13|2026-12-14|2026-12-16|2026-12-18|2026-12-19|2026-12-20|2026-12-21|2026-12-22|2026-12-23|2026-12-24|2026-12-25|2026-12-27|2026-12-29|2026-12-30,"NERV Events – команда профессионалов, для которых важен результат. Мы создаём впечатления, о которых хочется рассказывать снова и снова. Компания на рынке более 15 лет. 3 основных направления: Встреча гостей; Световые и пиксельные шоу; Интерактивные фото/видеозоны. В нашей команде – технические специалисты, артисты и менеджеры, объединённые одной целью: делать вау-эффект реальностью. Мы соединяем технологии и искусство, превращая любое событие в синтез эмоций, света и движения."
HK-35913,Тохру,Фотограф,Алматы,false,false,400000,true,конференция|корпоратив,английский|русский,10.0,2026-09-24|2026-09-25|2026-09-26|2026-09-30|2026-10-10|2026-10-20|2026-10-25|2026-10-26|2026-10-27|2026-10-28|2026-10-29|2026-11-01|2026-11-02|2026-11-04|2026-11-06|2026-11-09|2026-11-13|2026-11-14|2026-11-16|2026-11-18|2026-11-19|2026-11-20|2026-11-21|2026-11-22|2026-11-27|2026-11-28|2026-11-29|2026-12-01|2026-12-03|2026-12-04|2026-12-05|2026-12-06|2026-12-07|2026-12-08|2026-12-10|2026-12-11|2026-12-12|2026-12-13|2026-12-14|2026-12-15|2026-12-16|2026-12-22|2026-12-23|2026-12-24|2026-12-26|2026-12-27|2026-12-28|2026-12-30|2026-12-31,"Тохру — ивент-фотограф с более чем 10-летним опытом и более 1000 реализованных съёмок. Он работает с частными и бизнес-ивентами любого масштаба — от камерных торжеств до крупных форумов и презентаций. Тохру уверенно чувствует динамику события, умеет передать атмосферу, статус и ключевые моменты мероприятия, оставаясь незаметным для гостей и организаторов.В его портфолио — съёмки для Sakura Fashion Week Almaty, Ghibli Asia Ball, HelpKids Kazakhstan, Eurasian Fashion Week, а также сотрудничество с ведущими агентствами и брендами, включая EventDream.kz."
HK-36965,Эдвард Ван Хог,Национальный ансамбль|Танцевальный коллектив|Шоу-программа,Алматы,false,false,500000,false,свадьба|той|юбилей,казахский,2.0,2026-09-23|2026-09-24|2026-09-25|2026-09-26|2026-09-29|2026-09-30|2026-10-13|2026-10-15|2026-10-16|2026-10-18|2026-10-21|2026-10-22|2026-10-23|2026-10-24|2026-10-28|2026-10-30|2026-11-01|2026-11-04|2026-11-05|2026-11-08|2026-11-19|2026-11-21|2026-11-23|2026-11-25|2026-11-27|2026-11-30|2026-12-02|2026-12-03|2026-12-04|2026-12-05|2026-12-06|2026-12-07|2026-12-08|2026-12-09|2026-12-10|2026-12-11|2026-12-12|2026-12-13|2026-12-14|2026-12-16|2026-12-18|2026-12-19|2026-12-20|2026-12-22|2026-12-24|2026-12-25|2026-12-27|2026-12-28|2026-12-29|2026-12-30,Выступаем на вашем торжестве Прославляем казахскую песню на весь мир
HK-37181,Нами,Ведущий,Астана,false,false,800000,false,конференция|корпоратив|свадьба|юбилей,казахский|русский,8.0,2026-09-24|2026-09-25|2026-09-26|2026-10-02|2026-10-05|2026-10-06|2026-10-09|2026-10-10|2026-10-11|2026-10-12|2026-10-13|2026-10-17|2026-10-19|2026-10-22|2026-10-24|2026-10-25|2026-10-26|2026-10-27|2026-10-29|2026-10-31|2026-11-02|2026-11-03|2026-11-04|2026-11-08|2026-11-11|2026-11-13|2026-11-17|2026-11-20|2026-11-22|2026-11-23|2026-11-24|2026-11-25|2026-11-26|2026-11-29|2026-12-01|2026-12-02|2026-12-04|2026-12-05|2026-12-06|2026-12-07|2026-12-08|2026-12-09|2026-12-14|2026-12-16|2026-12-17|2026-12-18|2026-12-21|2026-12-22|2026-12-23|2026-12-24|2026-12-25|2026-12-26|2026-12-27|2026-12-29|2026-12-30|2026-12-31,"«ДОРОГУ ОСИЛИТ ИДУЩИЙ, А ПРОВОДЫ ОСИЛИТ ВЕДУЩИЙ!» ВСЕМ ПРИВЕТ! МЕНЯ ЗОВУТ НАМИ...., И ДА, ЭТО МОЕ НАСТОЯЩЕЕ ОТЧЕСТВО – НИКОЛАЕВИЧ! ВЕДУ МЕРОПРИЯТИЯ УЖЕ БОЛЕЕ 15 ЛЕТ. ОСНОВНЫЕ СТИЛИ ВЕДЕНИЯ МЕРОПРИЯТИЙ – ДИНАМИКА, ИМПРОВИЗАЦИЯ, ИНТЕРАКТИВЫ. Я НЕ ШУЧУ НАД ЧЕЛОВЕКОМ, Я ШУЧУ ВОКРУГ ЧЕЛОВЕКА ПРОВОДИЛ ЗАКРЫТЫЕ И ОТКРЫТЫЕ ИВЕНТЫ, С УЧАСТИЕМ ПЕРВЫХ ЛИЦ ГОСУДАРСТВА. СТАРАЮСЬ К КАЖДОМУ МЕРОПРИЯТИЮ ПОДХОДИТЬ С АВТОРСКИМ СЦЕНАРИЕМ И АДРЕСНЫМИ КОНКУРСАМИ. ЛЮБИМОЕ ВЫРАЖЕНИЕ — «ДЕРЖИТЕ НОГИ В ТЕПЛЕ, А ГОЛОВУ В ПОЗИТИВЕ!»"
HK-39301,Рамь,Национальный ансамбль|Танцевальный коллектив|Шоу-программа,Алматы,false,false,500000,false,корпоратив|свадьба|той,казахский,2.0,2026-09-23|2026-09-25|2026-09-26|2026-09-30|2026-10-02|2026-10-03|2026-10-04|2026-10-06|2026-10-07|2026-10-08|2026-10-10|2026-10-19|2026-10-22|2026-10-24|2026-10-25|2026-10-26|2026-10-27|2026-11-02|2026-11-09|2026-11-11|2026-11-12|2026-11-13|2026-11-15|2026-11-19|2026-11-22|2026-11-25|2026-11-29|2026-12-01|2026-12-02|2026-12-04|2026-12-05|2026-12-06|2026-12-07|2026-12-08|2026-12-12|2026-12-13|2026-12-16|2026-12-17|2026-12-18|2026-12-19|2026-12-20|2026-12-22|2026-12-24|2026-12-25|2026-12-27|2026-12-28|2026-12-29|2026-12-30|2026-12-31,"Ансамбль No1 в Казахстане Авторский проект Ичиго и Рукии, впервые выступивший перед главой государства"
HK-39372,Тони Тони Чоппер,Флорист,Алматы,false,false,200000,true,конференция|корпоратив|свадьба|юбилей,русский,,2026-09-25|2026-09-30|2026-10-01|2026-10-02|2026-10-03|2026-10-06|2026-10-07|2026-10-08|2026-10-14|2026-10-16|2026-10-17|2026-10-21|2026-10-22|2026-10-23|2026-10-24|2026-10-25|2026-10-27|2026-11-05|2026-11-06|2026-11-12|2026-11-14|2026-11-19|2026-11-21|2026-11-22|2026-11-23|2026-11-24|2026-11-25|2026-11-27|2026-11-29|2026-12-03|2026-12-04|2026-12-05|2026-12-06|2026-12-07|2026-12-08|2026-12-09|2026-12-10|2026-12-12|2026-12-13|2026-12-14|2026-12-15|2026-12-17|2026-12-18|2026-12-20|2026-12-21|2026-12-22|2026-12-23|2026-12-24|2026-12-25|2026-12-27|2026-12-30|2026-12-31,"Мы специализируемся на авторском цветочном оформлении и флористике для мероприятий в Алматы. Ежемесячно реализуем более 1000 заказов. Среди наших клиентов и партнёров: SkyLumen, CoffeeNoir, Trickster Café, Suisei Water, Curly Sensei, Hoshizora, Банк «Sakura Credit». Также выполняли оформление для Hotel Akatsuki, Fuyuki Grand и Atelier Sakura."
HK-42352,Эмилия,Ведущий,Алматы,false,false,900000,true,свадьба|той,казахский|русский,10.0,2026-09-24|2026-09-26|2026-10-02|2026-10-03|2026-10-04|2026-10-08|2026-10-10|2026-10-12|2026-10-16|2026-10-18|2026-10-21|2026-10-27|2026-10-30|2026-11-01|2026-11-08|2026-11-09|2026-11-10|2026-11-11|2026-11-17|2026-11-20|2026-11-21|2026-11-22|2026-11-23|2026-11-25|2026-11-26|2026-12-03|2026-12-04|2026-12-05|2026-12-06|2026-12-07|2026-12-09|2026-12-10|2026-12-11|2026-12-13|2026-12-15|2026-12-17|2026-12-18|2026-12-19|2026-12-21|2026-12-22|2026-12-23|2026-12-24|2026-12-25|2026-12-26|2026-12-28|2026-12-29|2026-12-30,"Опыт ведения свадеб 13 лет Вел свадьбы в Алматы, Москве, Дубае, Бодруме, Ташкенте Статистика: 356 свадеб, 0 разводов К каждой свадьбе мы с командой подходим ответственно, изучаем пару, гостей и делаем все, чтобы этот день запомнился всем на всю жизнь."
HK-44733,Буллма,Ведущий,Алматы,false,false,1000000,false,день рождения|конференция|корпоратив|юбилей,английский|русский,6.0,2026-09-23|2026-09-25|2026-09-28|2026-10-01|2026-10-03|2026-10-04|2026-10-07|2026-10-10|2026-10-21|2026-10-23|2026-10-24|2026-10-25|2026-10-26|2026-10-30|2026-10-31|2026-11-01|2026-11-04|2026-11-07|2026-11-08|2026-11-11|2026-11-12|2026-11-20|2026-11-22|2026-11-23|2026-11-25|2026-11-28|2026-11-29|2026-12-03|2026-12-05|2026-12-06|2026-12-07|2026-12-10|2026-12-11|2026-12-12|2026-12-14|2026-12-15|2026-12-16|2026-12-17|2026-12-19|2026-12-20|2026-12-21|2026-12-22|2026-12-23|2026-12-24|2026-12-25|2026-12-26|2026-12-27|2026-12-29|2026-12-31,"Ведущий мероприятий с опытом работы более 10 лет. Стиль ведения интеллигентный, не напряжный, атмосферный. Веду как ламповые вечера от 8 человек, так и крупные бизнес форумы на 3000 человек. Всегда стараюсь наполнить вечер чем-то особенным, эксклюзивным. Языки ведения: Русский, Английский Крупные проекты, в которых был ведущим:Sakura Fondo Championship (Международная велогонка), Aoi Mix Event Almaty (международный конкурс по перманентному макияжу), NEXT MBA (3000 чел), Halloween и Новый год и Юбилей компании RideKaze(1000+ человек), Выпускной ReDawn 2.0 (Наруто Удзумаки, Тандзиро Камадо, Гон Фрикс), DemonWing jump&freez, DemonWing king of the rock, DemonWing Neymar’s five, Ryo Finance Day (400+ человек), TechnoLeaf partners day, Hoshi workshop Antalya, Hoshi workshop Sharm el sheikh, Наурыз в Маями (Флорида) 600+ человек"
HK-44923,Мицури Канроджи,Ведущий,Алматы,false,false,650000,false,корпоратив|свадьба|юбилей,русский,8.0,2026-09-24|2026-09-26|2026-09-29|2026-10-02|2026-10-03|2026-10-04|2026-10-05|2026-10-08|2026-10-09|2026-10-10|2026-10-17|2026-10-19|2026-10-20|2026-10-23|2026-10-24|2026-10-25|2026-10-27|2026-10-29|2026-11-03|2026-11-04|2026-11-05|2026-11-08|2026-11-09|2026-11-10|2026-11-16|2026-11-17|2026-11-20|2026-11-25|2026-11-28|2026-12-01|2026-12-02|2026-12-05|2026-12-06|2026-12-07|2026-12-08|2026-12-09|2026-12-10|2026-12-11|2026-12-12|2026-12-13|2026-12-14|2026-12-15|2026-12-16|2026-12-17|2026-12-18|2026-12-19|2026-12-20|2026-12-21|2026-12-24|2026-12-28|2026-12-29,"Приветствую всех, дорогие друзья! Меня зовут Мицури Канроджи – я профессиональный ведущий и сценарист. Обращаясь ко мне, вы можете не сомневаться, мы учтём все ваши пожелания. Вместе с вами мы разработаем ОРИГИНАЛЬНЫЙ сценарий, согласуем все нюансы и сделаем для вас настоящий праздник! именно таким каким вы его видите! Что вас ждёт: • Разработанный ТОЛЬКО для Вас сценарий • Импровизация, живой интеллигентный юмор • Современные интерактивы, креативные идеи • Динамичный праздник без шаблонов и банальностей • DJ и современная танцевальная музыка и мультимедийное оборудование •Связь со мной 247, помощь и поддержка Для Вашего комфорта заключаем договор Более подробную информацию вы можете узнать, связавшись со мной по телефону. С Уважением, Мицури Канроджи"
HK-45928,Очако Урарака,Видеограф,Алматы,false,false,800000,false,корпоратив|свадьба|юбилей,английский|русский,10.0,2026-09-23|2026-09-25|2026-10-01|2026-10-07|2026-10-09|2026-10-10|2026-10-15|2026-10-19|2026-10-21|2026-10-22|2026-10-23|2026-10-24|2026-10-29|2026-10-30|2026-10-31|2026-11-02|2026-11-03|2026-11-06|2026-11-07|2026-11-09|2026-11-12|2026-11-13|2026-11-14|2026-11-19|2026-11-20|2026-11-21|2026-11-24|2026-11-25|2026-11-28|2026-12-02|2026-12-03|2026-12-04|2026-12-05|2026-12-06|2026-12-07|2026-12-09|2026-12-10|2026-12-12|2026-12-13|2026-12-14|2026-12-15|2026-12-18|2026-12-19|2026-12-20|2026-12-21|2026-12-22|2026-12-23|2026-12-24|2026-12-26|2026-12-28|2026-12-29,"Очако Урарака — видеограф, который работает с живыми эмоциями и настоящими моментами. Он специализируется на свадебной, семейной и рекламной съёмке, создавая атмосферные видео с естественными цветами и искренним настроением. Очако работает в Алматы и по всему миру, легко выстраивает контакт с парами и остаётся почти незаметным в кадре — именно поэтому эмоции в его работах выглядят так естественно и глубоко. Его подход основан на доверии, комфорте и совместной работе с парой, где результат рождается в диалоге. Его проекты регулярно появляются в публикациях ведущих организаторов и свадебных брендов, что подтверждает высокий уровень доверия и стабильное качество работы. Формат съёмки: full day"
HK-46450,Сакура Харуно,Инструменталист,Алматы,false,false,350000,false,корпоратив|свадьба|той|юбилей,английский|казахский|русский,4.0,2026-09-24|2026-09-26|2026-09-27|2026-09-30|2026-10-02|2026-10-03|2026-10-08|2026-10-09|2026-10-12|2026-10-14|2026-10-17|2026-10-19|2026-10-21|2026-10-22|2026-10-23|2026-10-25|2026-11-02|2026-11-03|2026-11-06|2026-11-08|2026-11-09|2026-11-10|2026-11-12|2026-11-15|2026-11-16|2026-11-18|2026-11-21|2026-11-22|2026-11-29|2026-12-03|2026-12-04|2026-12-05|2026-12-06|2026-12-07|2026-12-08|2026-12-09|2026-12-10|2026-12-11|2026-12-12|2026-12-13|2026-12-14|2026-12-15|2026-12-16|2026-12-17|2026-12-20|2026-12-22|2026-12-23|2026-12-24|2026-12-25|2026-12-29|2026-12-30|2026-12-31,"Bebop Jazz Collective — джазовый проект с шестилетней историей на сцене Казахстана. Его визитная карточка — узнаваемое авторское звучание с контрабасом, где классика, этника и джазовые стандарты соединяются в уникальной манере исполнения. Коллектив не копирует каверы, а предлагает оригинальные интерпретации — от казахских народных мелодий до современных мировых хитов. Bebop Jazz Collective выступает в премиум-сегменте: частных мероприятий до открытий бутиков и бизнес-ивентов. Среди клиентов: Ginkgo Group, TechDomo, Bijou Étoile, Samsara Tech, Fontaine Noir, Kitsune Motors, Belle Sakura и другие. Проект регулярно сотрудничает с фэшн-индустрией и дипломатическими представительствами выступает на событиях с участием деловой и культурной элиты. Форматы: Trio — welcome-зоны и камерные вечера (контрабас-вокал + гитара + саксофон / домбра). Quartet — расширенный репертуар, этно-джазовый оттенок (контрабас-вокал + гитара + саксофон+ домбра). Подходит для welcome-формата и сопровождения камерных мероприятий. Quintet — сценический формат с живыми барабанами (контрабас-вокал + гитара + саксофон + домбра + барабаны)."
HK-50695,Хината Хьюга,Банкетный зал|Ресторан,Алматы,true,false,2000000,true,день рождения|свадьба|юбилей,английский|русский,6.0,2026-09-24|2026-09-25|2026-09-26|2026-09-27|2026-09-29|2026-09-30|2026-10-01|2026-10-03|2026-10-04|2026-10-06|2026-10-09|2026-10-12|2026-10-15|2026-10-17|2026-10-18|2026-10-27|2026-10-29|2026-10-31|2026-11-05|2026-11-08|2026-11-14|2026-11-16|2026-11-17|2026-11-18|2026-11-20|2026-11-21|2026-11-27|2026-11-29|2026-11-30|2026-12-02|2026-12-03|2026-12-04|2026-12-05|2026-12-06|2026-12-08|2026-12-09|2026-12-10|2026-12-11|2026-12-12|2026-12-13|2026-12-14|2026-12-16|2026-12-18|2026-12-19|2026-12-20|2026-12-22|2026-12-23|2026-12-25|2026-12-26|2026-12-27|2026-12-28|2026-12-29|2026-12-30,"Villa Cavallone – элегантный ресторан итальянской и средиземноморской кухни в Алматы с атмосферой европейской виллы. Пространство сочетает роскошный интерьер, уютные террасы, живую музыку и красивые виды на горы, создавая идеальное место для романтических ужинов, встреч и особых событий."
HK-53108,Альфонс Элрик,Фотограф,Алматы,false,false,300000,true,день рождения|свадьба,английский|русский,6.0,2026-09-23|2026-09-24|2026-09-25|2026-09-27|2026-09-28|2026-10-04|2026-10-05|2026-10-07|2026-10-09|2026-10-11|2026-10-13|2026-10-14|2026-10-16|2026-10-22|2026-10-30|2026-10-31|2026-11-04|2026-11-08|2026-11-09|2026-11-11|2026-11-14|2026-11-15|2026-11-17|2026-11-18|2026-11-19|2026-11-22|2026-11-26|2026-11-28|2026-11-30|2026-12-03|2026-12-04|2026-12-05|2026-12-06|2026-12-07|2026-12-08|2026-12-09|2026-12-10|2026-12-12|2026-12-13|2026-12-14|2026-12-15|2026-12-16|2026-12-17|2026-12-19|2026-12-20|2026-12-21|2026-12-22|2026-12-24|2026-12-25|2026-12-26|2026-12-28|2026-12-29|2026-12-30,"Меня зовут Альфонс Элрик. Я фотограф и уже около семи лет я ловлю моменты, которые обычно проходят незаметно. Я снимал в разных городах и странах — Париже, Дубае, Москве, Китае. Но география для меня не так важна, как чувства, свет и тишина внутри кадра."
HK-57480,Кобаяши,Лайв-бэнд,Алматы,false,false,1500000,false,корпоратив|свадьба|юбилей,английский|русский,5.0,2026-09-24|2026-09-27|2026-10-05|2026-10-09|2026-10-10|2026-10-11|2026-10-13|2026-10-14|2026-10-19|2026-10-22|2026-10-25|2026-10-27|2026-10-29|2026-11-04|2026-11-05|2026-11-08|2026-11-14|2026-11-15|2026-11-19|2026-11-20|2026-11-25|2026-11-27|2026-11-28|2026-12-01|2026-12-03|2026-12-04|2026-12-05|2026-12-06|2026-12-07|2026-12-08|2026-12-09|2026-12-10|2026-12-11|2026-12-12|2026-12-13|2026-12-15|2026-12-16|2026-12-17|2026-12-20|2026-12-22|2026-12-23|2026-12-24|2026-12-25|2026-12-26|2026-12-27|2026-12-29|2026-12-31,"KOBAYASHI SHOW BAND — это синергия живой музыки, эмоций и шоу. Профессиональный коллектив, который превращает каждое выступление в яркий перформанс с мощной энергетикой, хореографией и активным взаимодействием с публикой. Репертуар KOBAYASHI охватывает всё: от культовых хитов 90-х и 2000-х до современных композиций. Это не просто концерт — это шоу, где музыка оживает через движение, стиль и атмосферу.Команда постоянно развивается, экспериментирует с форматами и создаёт уникальные выступления, которые выделяют их среди других и делают событие по-настоящему запоминающимся."
HK-58236,Шинобу Кочо,Банкетный зал|Загородная площадка|Ресторан,Алматы,true,false,3000000,true,корпоратив|свадьба|той|юбилей,казахский|русский,8.0,2026-09-30|2026-10-03|2026-10-06|2026-10-07|2026-10-16|2026-10-17|2026-10-23|2026-10-31|2026-11-03|2026-11-05|2026-11-08|2026-11-09|2026-11-10|2026-11-14|2026-11-15|2026-11-17|2026-11-18|2026-11-19|2026-11-20|2026-11-24|2026-11-25|2026-11-29|2026-12-02|2026-12-03|2026-12-04|2026-12-05|2026-12-06|2026-12-08|2026-12-10|2026-12-13|2026-12-14|2026-12-15|2026-12-17|2026-12-18|2026-12-19|2026-12-20|2026-12-21|2026-12-22|2026-12-23|2026-12-24|2026-12-25|2026-12-27|2026-12-28|2026-12-29|2026-12-30|2026-12-31,"Наусикая – атмосферный ресторан национальной казахской кухни на вершине городской горы с панорамным видом на Алматы и горы. Интерьер вдохновлён традиционной юртой и украшен национальными мотивами, а уютная атмосфера и аутентичная кухня делают это место идеальным для знакомства с казахской культурой и красивых вечеров."
HK-58385,Крилин,Ведущий,Астана,false,false,700000,false,день рождения|корпоратив|юбилей,русский,6.0,2026-09-27|2026-09-29|2026-09-30|2026-10-02|2026-10-03|2026-10-09|2026-10-10|2026-10-14|2026-10-15|2026-10-16|2026-10-17|2026-10-24|2026-10-26|2026-10-31|2026-11-03|2026-11-06|2026-11-07|2026-11-09|2026-11-13|2026-11-14|2026-11-19|2026-11-20|2026-11-22|2026-11-23|2026-11-25|2026-11-28|2026-12-01|2026-12-03|2026-12-04|2026-12-05|2026-12-06|2026-12-07|2026-12-08|2026-12-09|2026-12-10|2026-12-11|2026-12-12|2026-12-14|2026-12-15|2026-12-16|2026-12-18|2026-12-20|2026-12-21|2026-12-22|2026-12-24|2026-12-25|2026-12-26|2026-12-29|2026-12-30|2026-12-31,"Крилин — ведущий, который превращает мероприятие в живое шоу. Финалист лиги AniHumor 2016 (студийный конкурс юмора), двухкратный победитель «Шоу Ghibli Импровизация», обладатель премии «Прорыв года 2025» и ТОП-6 лучших ведущих Казахстана по версии AniWed KZ, а также резидент творческого объединения SakuraLab. Его стиль — это энергия сцены, интеллектуальный юмор и мощная импровизация. Без шаблонов и банальных конкурсов — креативный подход , живой диалог с гостями, настоящие эмоции и атмосфера, в которой каждый человек в зале становится частью происходящего. Крилин тонко чувствует аудиторию и управляет динамикой вечера, легко объединяя разные поколения гостей. Даже самые скромные начинают улыбаться, участвовать и вовлекаться в праздник. Яркая харизма, лёгкая дерзость и современный формат ведения превращают каждое мероприятие не просто в программу, а в эмоциональный опыт, который гости вспоминают ещё долго после окончания вечера. Именно поэтому события с Крилином запоминаются не только сценарием, но и настоящими эмоциями людей. Если вам нужен тихий, формальный вечер — возможно, мы не подойдём друг другу. Но если вы хотите событие, которое гости будут вспоминать годами — вам нужен Крилин."
HK-60927,Нико Робин,Подарки и сувениры,Алматы,false,false,150000,true,день рождения|корпоратив|свадьба|юбилей,русский,,2026-09-24|2026-09-27|2026-09-28|2026-09-30|2026-10-01|2026-10-04|2026-10-07|2026-10-09|2026-10-10|2026-10-11|2026-10-18|2026-10-20|2026-10-21|2026-10-25|2026-10-28|2026-10-29|2026-10-30|2026-11-02|2026-11-03|2026-11-04|2026-11-06|2026-11-07|2026-11-11|2026-11-14|2026-11-18|2026-11-19|2026-11-23|2026-11-26|2026-11-27|2026-11-29|2026-12-01|2026-12-02|2026-12-03|2026-12-04|2026-12-05|2026-12-06|2026-12-07|2026-12-08|2026-12-09|2026-12-10|2026-12-13|2026-12-15|2026-12-16|2026-12-17|2026-12-19|2026-12-22|2026-12-23|2026-12-25|2026-12-26|2026-12-27|2026-12-28|2026-12-29|2026-12-30|2026-12-31,"Konpeito Craft — производство леденцов без сахара с индивидуальным дизайном для ваших значимых событий. Бренд создаёт не просто сладости, а маленькие детали, которые делают праздник ещё более запоминающимся: леденцы с именами, датами, фотографиями, логотипами и персональными надписями. Каждый заказ изготавливается индивидуально под концепцию мероприятия. В основе продукции — немецкий изомальт, который используется в европейской кондитерской индустрии как альтернатива сахару. Такие леденцы не вызывают резких скачков глюкозы и подходят людям, контролирующим питание. Konpeito Craft подойдут для: — свадеб и love story — детских праздников — корпоративных мероприятий — welcome box и подарков гостям — брендированных событий и презентаций Минимальный заказ — от 15 штук. Доступны различные размеры, формы и полностью персонализированный дизайн под ваш ивент."
HK-61323,Тэммари Собаку,Фотограф,Астана,false,false,250000,true,свадьба|той,казахский|русский,12.0,2026-09-27|2026-09-28|2026-09-30|2026-10-04|2026-10-06|2026-10-11|2026-10-13|2026-10-14|2026-10-16|2026-10-17|2026-10-19|2026-10-23|2026-10-25|2026-10-26|2026-11-01|2026-11-03|2026-11-05|2026-11-15|2026-11-16|2026-11-20|2026-11-21|2026-11-23|2026-11-27|2026-11-28|2026-11-29|2026-12-02|2026-12-03|2026-12-05|2026-12-06|2026-12-07|2026-12-08|2026-12-09|2026-12-10|2026-12-11|2026-12-12|2026-12-14|2026-12-16|2026-12-17|2026-12-18|2026-12-19|2026-12-20|2026-12-21|2026-12-22|2026-12-26|2026-12-27|2026-12-28|2026-12-29,"Приветствую меня зовут Тэммари Собаку. Я свадебный фотограф. Последние годы больше внимание уделяю таким жанрам, как свадебный фотожурнализм, документально — свадебный фотожурнализм. При слиянии этих жанров создаются уникальные и волнующие фотографии для каждой пары . Молодожёнам предлагаю их особенную историю и стараюсь сохранить самые искренние эмоции. Если у вас нет опыта в сьемках , я научу, как свободно чувствовать себя перед камерой и получить удовольствие от съемки. С моим видением подчеркну вашу творческую способность . Я гарантирую креативность и индивидуальность , потому как занимаюсь любимым делом. Креативность и индивидуальность — важные аспекты моем любимом деле."
HK-62242,Юдзи Итадори,Видеограф,Алматы,false,false,500000,false,корпоратив|свадьба,английский|русский,10.0,2026-09-24|2026-09-26|2026-09-27|2026-09-28|2026-10-01|2026-10-02|2026-10-04|2026-10-09|2026-10-11|2026-10-13|2026-10-14|2026-10-16|2026-10-20|2026-10-23|2026-10-26|2026-10-28|2026-10-29|2026-10-30|2026-10-31|2026-11-06|2026-11-08|2026-11-16|2026-11-17|2026-11-19|2026-11-20|2026-11-22|2026-11-23|2026-11-24|2026-11-26|2026-11-28|2026-11-29|2026-12-01|2026-12-02|2026-12-03|2026-12-04|2026-12-05|2026-12-10|2026-12-12|2026-12-13|2026-12-14|2026-12-15|2026-12-16|2026-12-17|2026-12-18|2026-12-19|2026-12-20|2026-12-22|2026-12-24|2026-12-25|2026-12-26|2026-12-27|2026-12-28|2026-12-31,"Юдзи — свадебный видеограф с авторским взглядом и международной практикой. За 2 года она вошла в топ-3 видеографов страны по версии AniWed KZ, стала победителем в номинации «Лучший репортажный видеограф» фестиваля Sakura Frame Fest, организовала собственные ивент-проекты и прошла обучение у ведущих специалистов индустрии. Его география съёмок не ограничена — Юдзи работал в Японии, Италии, Грузии, Дубае, Москве и Казахстане. Её видео — это не просто фиксация событий, а субъективное, эмоциональное прочтение момента, где звук, ритм и атмосфера становятся языком чувств. С ней работают клиенты, которые ценят глубину, искренность и живые эмоции."
HK-64395,Иноскэ Хашибира,Банкетный зал|Загородная площадка|Ресторан,Алматы,true,false,2500000,true,день рождения|корпоратив|свадьба|юбилей,английский|русский,8.0,2026-09-23|2026-09-24|2026-09-25|2026-09-27|2026-09-29|2026-10-02|2026-10-04|2026-10-07|2026-10-09|2026-10-11|2026-10-15|2026-10-16|2026-10-17|2026-10-19|2026-10-21|2026-10-22|2026-10-25|2026-10-29|2026-10-30|2026-11-02|2026-11-07|2026-11-08|2026-11-09|2026-11-12|2026-11-18|2026-11-19|2026-11-25|2026-11-26|2026-11-27|2026-11-28|2026-11-29|2026-11-30|2026-12-02|2026-12-03|2026-12-04|2026-12-06|2026-12-07|2026-12-08|2026-12-09|2026-12-11|2026-12-14|2026-12-15|2026-12-17|2026-12-18|2026-12-19|2026-12-20|2026-12-21|2026-12-22|2026-12-23|2026-12-24|2026-12-25|2026-12-26|2026-12-28|2026-12-30|2026-12-31,"Nerima Terrace – стильная панорамная локация в Алматы с захватывающим видом на город и горы. Пространство сочетает современную атмосферу, уютные террасы и эффектные закаты, идеально подходя для мероприятий, романтических вечеров и отдыха в одном из самых живописных мест города."
HK-68220,Рок Ли,Фотограф,Алматы,false,false,190000,false,свадьба|той|юбилей,казахский|русский,12.0,2026-09-24|2026-09-28|2026-09-30|2026-10-05|2026-10-06|2026-10-10|2026-10-12|2026-10-13|2026-10-14|2026-10-15|2026-10-16|2026-10-17|2026-10-19|2026-10-20|2026-10-27|2026-11-06|2026-11-08|2026-11-12|2026-11-16|2026-11-20|2026-11-22|2026-11-23|2026-11-28|2026-11-29|2026-12-01|2026-12-02|2026-12-04|2026-12-05|2026-12-06|2026-12-07|2026-12-08|2026-12-10|2026-12-11|2026-12-12|2026-12-14|2026-12-15|2026-12-16|2026-12-17|2026-12-18|2026-12-20|2026-12-21|2026-12-22|2026-12-24|2026-12-26|2026-12-28|2026-12-29|2026-12-31,"Рок Ли — один из лучших свадебных и репортажных фотографов в городе Алматы. Клиенты описывают как профессионала своего дела, ответственного и пунктуального. Он создает яркие, живые и красиво обработанные фотографии, а работа с ним оставляет только положительные эмоции, отмечают довольные молодожены, получившие снимки в обещанные сроки. Его стиль — это сочетание репортажной съемки(захват моментов) и постановочных кадров, а главная цель — передать атмосферу и эмоции дня свадьбы. Ключевые моменты: Профессионализм и качество: Высокие оценки за обработку и своеобразный стиль фотографий. Ответственность: Соблюдает сроки, пунктуален, надежен. Эмоциональность: Фотографии получаются живыми, яркими и передающими чувства и атмосферу. Опыт: он снимает не только свадьбы но и концерты. Он снимал концерты мировых звёзд как «Jenny Sakura», «Nicole Hoshi», рэпера «T.K.» Концерт «Тенгри Саунд» с 30 тыс зрителей. Снимал конкурсы красоты: «Miss AniStan 2023, 2025» и «Ару Sakura 2024» Пробуя себя в разных жанрах съемки, Рок Ли демонстрирует свои лучшие навыки не смотря на все трудности и припятствия."
HK-69010,Дарквнесс,Банкетный зал|Загородная площадка|Ресторан,Алматы,true,false,3500000,true,конференция|корпоратив|свадьба,английский|русский,8.0,2026-09-27|2026-09-28|2026-10-02|2026-10-03|2026-10-06|2026-10-08|2026-10-11|2026-10-14|2026-10-16|2026-10-20|2026-10-23|2026-10-30|2026-10-31|2026-11-01|2026-11-03|2026-11-04|2026-11-09|2026-11-11|2026-11-14|2026-11-20|2026-11-22|2026-11-23|2026-11-24|2026-11-26|2026-12-04|2026-12-05|2026-12-06|2026-12-08|2026-12-09|2026-12-10|2026-12-11|2026-12-12|2026-12-13|2026-12-14|2026-12-16|2026-12-17|2026-12-18|2026-12-19|2026-12-20|2026-12-21|2026-12-22|2026-12-23|2026-12-25|2026-12-26|2026-12-27|2026-12-28|2026-12-30|2026-12-31,"Totoro Golf Club – атмосферный гольф-клуб и ресторан у подножия Заилийского Алатау в Алматы. Локация сочетает ухоженные зелёные поля, панорамные виды на горы и спокойную премиальную атмосферу. Отличное место для деловых встреч, романтического ужина или отдыха на террасе с красивым видом и европейско-азиатской кухней."
HK-72785,Асуна Юки,Банкетный зал|Отель|Ресторан,Алматы,true,false,6000000,true,конференция|корпоратив|свадьба|юбилей,английский|русский,10.0,2026-09-23|2026-09-24|2026-09-25|2026-09-26|2026-09-27|2026-09-30|2026-10-06|2026-10-07|2026-10-10|2026-10-11|2026-10-12|2026-10-13|2026-10-15|2026-10-19|2026-10-24|2026-10-26|2026-10-27|2026-10-28|2026-10-29|2026-10-31|2026-11-03|2026-11-06|2026-11-07|2026-11-10|2026-11-14|2026-11-17|2026-11-18|2026-11-21|2026-11-22|2026-11-25|2026-11-26|2026-11-27|2026-11-28|2026-12-02|2026-12-03|2026-12-04|2026-12-05|2026-12-06|2026-12-07|2026-12-08|2026-12-09|2026-12-10|2026-12-12|2026-12-13|2026-12-14|2026-12-15|2026-12-16|2026-12-17|2026-12-18|2026-12-19|2026-12-20|2026-12-23|2026-12-24|2026-12-26|2026-12-28|2026-12-31,"Fuyuki Grand – один из самых роскошных отелей Алматы с панорамными видами на горы и город, расположенный в башне Sakura Tower. Локация сочетает элегантный современный интерьер, премиальный сервис, изысканные рестораны и атмосферу уединённой роскоши – идеальное место для деловых встреч, особых событий и отдыха на высоте."
HK-72938,Софи Хаттер,Ведущий,Алматы,false,false,2000000,false,корпоратив|свадьба|той|юбилей,казахский|русский,8.0,2026-09-25|2026-09-26|2026-10-01|2026-10-02|2026-10-08|2026-10-09|2026-10-12|2026-10-15|2026-10-25|2026-10-27|2026-10-30|2026-10-31|2026-11-02|2026-11-03|2026-11-04|2026-11-06|2026-11-07|2026-11-09|2026-11-11|2026-11-12|2026-11-13|2026-11-14|2026-11-17|2026-11-21|2026-11-22|2026-11-26|2026-12-04|2026-12-05|2026-12-06|2026-12-07|2026-12-08|2026-12-09|2026-12-10|2026-12-11|2026-12-12|2026-12-13|2026-12-16|2026-12-17|2026-12-18|2026-12-19|2026-12-20|2026-12-21|2026-12-23|2026-12-25|2026-12-26|2026-12-27|2026-12-28|2026-12-30|2026-12-31,"Ведущий, актер, участник КВН команды «Ghibli Микс» — Высшая лига. Стиль ведения: развлекательный, с юмором, официальный. Язык ведения: казахский, русский. Большая база игр и конкурсов, свежий юмор на актуальные темы."
HK-74147,Джет Блэк,Инструменталист,Алматы,false,false,500000,false,корпоратив|свадьба|юбилей,английский|русский,4.0,2026-09-24|2026-09-27|2026-10-04|2026-10-06|2026-10-11|2026-10-16|2026-10-18|2026-10-20|2026-10-22|2026-10-23|2026-10-26|2026-11-05|2026-11-06|2026-11-09|2026-11-11|2026-11-12|2026-11-14|2026-11-15|2026-11-20|2026-11-24|2026-11-27|2026-11-28|2026-12-01|2026-12-02|2026-12-03|2026-12-04|2026-12-05|2026-12-06|2026-12-09|2026-12-10|2026-12-11|2026-12-12|2026-12-13|2026-12-14|2026-12-15|2026-12-16|2026-12-19|2026-12-20|2026-12-21|2026-12-22|2026-12-24|2026-12-26|2026-12-27|2026-12-30|2026-12-31,"Инуяша и Кагоме — музыкальный дуэт премиум-класса, инструменталисты с тонким чувством стиля и атмосферы. Они исполняют ваши любимые композиции, создавая изысканное музыкальное сопровождение для свадеб, корпоративов, юбилеев, концертов и частных событий. Музыка Инуяши и Кагомэ — это вкус, эмоция и элегантность в каждом звучании."
HK-74914,Киллуа Золдик,Видеограф,Астана,false,false,300000,false,свадьба|той,казахский|русский,12.0,2026-09-23|2026-09-25|2026-09-26|2026-09-28|2026-09-30|2026-10-02|2026-10-06|2026-10-07|2026-10-09|2026-10-11|2026-10-15|2026-10-16|2026-10-17|2026-10-18|2026-10-19|2026-10-23|2026-10-24|2026-10-25|2026-10-27|2026-10-28|2026-11-01|2026-11-02|2026-11-03|2026-11-05|2026-11-07|2026-11-08|2026-11-09|2026-11-12|2026-11-14|2026-11-15|2026-11-17|2026-11-28|2026-11-29|2026-11-30|2026-12-01|2026-12-02|2026-12-03|2026-12-04|2026-12-05|2026-12-06|2026-12-08|2026-12-09|2026-12-10|2026-12-12|2026-12-13|2026-12-14|2026-12-15|2026-12-18|2026-12-20|2026-12-21|2026-12-24|2026-12-25|2026-12-28|2026-12-29|2026-12-30|2026-12-31,Я свадебный видеограф из Астаны. Работаю по всему Казахстану. Снимаю с душой и ради удовольствия.
HK-75012,Джинбей,Ведущий,Алматы,false,false,1300000,false,конференция|корпоратив,английский|русский,6.0,2026-09-28|2026-10-02|2026-10-03|2026-10-05|2026-10-11|2026-10-16|2026-10-17|2026-10-22|2026-10-23|2026-10-25|2026-10-27|2026-10-30|2026-10-31|2026-11-01|2026-11-05|2026-11-06|2026-11-08|2026-11-12|2026-11-13|2026-11-14|2026-11-20|2026-11-22|2026-11-26|2026-11-27|2026-11-28|2026-11-30|2026-12-02|2026-12-03|2026-12-04|2026-12-05|2026-12-06|2026-12-07|2026-12-08|2026-12-10|2026-12-11|2026-12-12|2026-12-13|2026-12-15|2026-12-16|2026-12-17|2026-12-19|2026-12-20|2026-12-21|2026-12-24|2026-12-25|2026-12-26|2026-12-28|2026-12-30,"Джинбей — ведущий нового поколения, который соединяет опыт 10 лет в индустрии, медийность и безупречное чувство аудитории. Он работает с крупнейшими брендами и международными площадками, ведёт мероприятия Fortune Sekai, технологические форумы, концерты и премиальные частные события. Амбассадор Digital Sakura Almaty, участник медиапрограмм Formula 1, партнёр глобальных компаний — от PearTech до GateCard. Джинбей создаёт атмосферу, задаёт тон событию и удерживает внимание так, чтобы каждый момент стал значимым. Стиль, энергия и профессионализм — три качества, которые делают его одним из самых востребованных ведущих страны."
HK-76268,Сацуки Кусакабэ,Фотограф,Алматы,false,false,200000,false,свадьба|той,русский,10.0,2026-09-23|2026-09-25|2026-09-27|2026-09-29|2026-10-01|2026-10-02|2026-10-03|2026-10-04|2026-10-05|2026-10-06|2026-10-08|2026-10-10|2026-10-13|2026-10-17|2026-10-20|2026-10-24|2026-10-27|2026-10-31|2026-11-01|2026-11-02|2026-11-03|2026-11-06|2026-11-07|2026-11-08|2026-11-13|2026-11-15|2026-11-17|2026-11-21|2026-11-23|2026-11-25|2026-11-29|2026-11-30|2026-12-01|2026-12-02|2026-12-03|2026-12-05|2026-12-06|2026-12-08|2026-12-09|2026-12-11|2026-12-13|2026-12-14|2026-12-15|2026-12-16|2026-12-17|2026-12-18|2026-12-19|2026-12-20|2026-12-21|2026-12-22|2026-12-23|2026-12-24|2026-12-25|2026-12-27|2026-12-28|2026-12-29|2026-12-30,"Привет! Я Сацуки Кусакабэ — свадебный фотограф. Снимаю в Алмате и Астане. Вхожу в топ 5 Алматы по версии AniWed Rating. Люблю живые кадры, настоящие улыбки и моменты, которые невозможно повторить."
HK-76335,Йор Форджер,Фотограф,Зарубежье,false,false,600000,false,конференция|корпоратив|свадьба,английский|русский,8.0,2026-09-23|2026-09-24|2026-09-26|2026-09-27|2026-09-28|2026-09-29|2026-10-01|2026-10-03|2026-10-04|2026-10-05|2026-10-06|2026-10-08|2026-10-09|2026-10-11|2026-10-15|2026-10-17|2026-10-19|2026-10-20|2026-10-22|2026-10-24|2026-10-29|2026-10-31|2026-11-01|2026-11-02|2026-11-12|2026-11-13|2026-11-14|2026-11-19|2026-11-20|2026-11-21|2026-11-23|2026-11-24|2026-11-25|2026-11-27|2026-12-01|2026-12-02|2026-12-03|2026-12-05|2026-12-06|2026-12-08|2026-12-09|2026-12-11|2026-12-12|2026-12-13|2026-12-14|2026-12-15|2026-12-16|2026-12-17|2026-12-18|2026-12-19|2026-12-21|2026-12-22|2026-12-25|2026-12-26|2026-12-27|2026-12-28|2026-12-29|2026-12-31,"Йор Форджер — профессиональный фотограф, работающий с событиями и частными мероприятиями. В её кадрах — живые эмоции, естественность и аккуратная эстетика, позволяющая сохранить атмосферу события и его ключевые моменты."
HK-77793,Спайк Спигел,Ведущий церемонии,Алматы,false,false,200000,false,свадьба|той,казахский|русский,3.0,2026-09-23|2026-09-25|2026-09-30|2026-10-01|2026-10-02|2026-10-04|2026-10-05|2026-10-06|2026-10-07|2026-10-09|2026-10-11|2026-10-15|2026-10-17|2026-10-20|2026-10-25|2026-10-30|2026-11-06|2026-11-07|2026-11-08|2026-11-09|2026-11-10|2026-11-13|2026-11-14|2026-11-15|2026-11-18|2026-11-19|2026-11-24|2026-11-25|2026-11-26|2026-11-28|2026-12-01|2026-12-02|2026-12-03|2026-12-05|2026-12-06|2026-12-08|2026-12-09|2026-12-10|2026-12-11|2026-12-12|2026-12-13|2026-12-14|2026-12-15|2026-12-16|2026-12-17|2026-12-19|2026-12-20|2026-12-22|2026-12-23|2026-12-24|2026-12-25|2026-12-27,Ведущая и церемониймейстер Спайк Спигел! — Ведение на казахском и русском языках
HK-77838,Хаул,Ведущий,Алматы,false,false,1000000,false,конференция|корпоратив|свадьба|юбилей,казахский|русский,8.0,2026-09-23|2026-09-24|2026-09-26|2026-09-28|2026-09-29|2026-10-01|2026-10-02|2026-10-03|2026-10-04|2026-10-06|2026-10-08|2026-10-20|2026-10-21|2026-10-22|2026-10-24|2026-10-31|2026-11-01|2026-11-04|2026-11-05|2026-11-06|2026-11-11|2026-11-12|2026-11-13|2026-11-14|2026-11-15|2026-11-17|2026-11-19|2026-11-20|2026-11-21|2026-11-26|2026-11-28|2026-11-29|2026-12-01|2026-12-03|2026-12-04|2026-12-06|2026-12-08|2026-12-09|2026-12-10|2026-12-11|2026-12-12|2026-12-13|2026-12-15|2026-12-16|2026-12-18|2026-12-19|2026-12-20|2026-12-22|2026-12-23|2026-12-25|2026-12-26|2026-12-27|2026-12-30|2026-12-31,"Профессиональный ведущий с интеллигентной, располагающей и ненавязчивой подачей. Его стиль — культурная импровизация, тонкий юмор и естественная энергия, которые делают атмосферу праздника живой, изысканной и запоминающейся. Он — актёр театра и кино, педагог по актёрскому мастерству театральной академии искусств, солист этно-рок группы «Тенгри Rock» и телеведущий телеканала «Hoshizora TV». Такой опыт позволяет ему работать глубже, тоньше и создавать праздник, в котором каждый момент звучит правильно. Для него каждое событие — не просто банкет, а самый важный день клиента. Ответственность, забота и уважение — основа его работы. Язык проведения: казахский"
HK-80581,Санджи Виндсмок,Ведущий,Астана,false,false,800000,false,корпоратив|свадьба|той|юбилей,казахский|русский,8.0,2026-09-25|2026-09-27|2026-10-02|2026-10-04|2026-10-07|2026-10-09|2026-10-10|2026-10-11|2026-10-13|2026-10-14|2026-10-16|2026-10-17|2026-10-18|2026-10-25|2026-10-26|2026-10-28|2026-10-29|2026-11-03|2026-11-08|2026-11-09|2026-11-13|2026-11-15|2026-11-16|2026-11-17|2026-11-20|2026-11-21|2026-11-25|2026-11-26|2026-11-27|2026-11-28|2026-11-29|2026-12-03|2026-12-04|2026-12-06|2026-12-11|2026-12-12|2026-12-14|2026-12-15|2026-12-16|2026-12-17|2026-12-18|2026-12-19|2026-12-20|2026-12-21|2026-12-23|2026-12-24|2026-12-25|2026-12-26|2026-12-27|2026-12-28|2026-12-29|2026-12-30|2026-12-31,"Коротко обо мне: •Веду разно форматные мероприятия для тех кто ценит стиль, комфорт, персональный и креативный подход •Вхожу в Топ лучших ведущих Казахстана по версии AniWed KZ •Резидент клуба импровизаторов Improv Konoha •Обладаю приятным тембром голоса и владею вокалом •без вредных привычек, телосложение спортивное •Женат. Есть двое детей... опыт управления хаосом — профессиональный! •Благодаря своему опыту могу найти общий язык практически с любой публикой •В арсенале большое количество проведенных событий, для людей различного рода деятельности и статуса: от блогеров миллионников до политических деятелей первой величины, от фрилансеров-ремесленников до бизнесменов ультра-класса."
HK-83709,Рей Аянами,Лайв-бэнд,Алматы,false,false,1150000,false,корпоратив|свадьба|той|юбилей,казахский|русский,6.0,2026-09-24|2026-09-26|2026-09-29|2026-09-30|2026-10-02|2026-10-03|2026-10-07|2026-10-09|2026-10-10|2026-10-13|2026-10-17|2026-10-18|2026-10-22|2026-10-24|2026-10-28|2026-10-29|2026-10-31|2026-11-05|2026-11-06|2026-11-08|2026-11-10|2026-11-12|2026-11-15|2026-11-29|2026-12-01|2026-12-03|2026-12-04|2026-12-06|2026-12-07|2026-12-08|2026-12-09|2026-12-10|2026-12-11|2026-12-13|2026-12-15|2026-12-16|2026-12-17|2026-12-18|2026-12-20|2026-12-21|2026-12-22|2026-12-23|2026-12-24|2026-12-26|2026-12-27|2026-12-30|2026-12-31,"В репертуаре группы большой выбор казахских песен, ретро-шлягеров, хитов 80-х, 90-х, 2000-х, а так же, современные хиты. Начиная от модных ивэнтов до масштабных свадеб, «Eva Sound» идеально впишется в любой формат мероприятия! Наши музыканты профессионалы своего дела. Их любовь к музыке передаётся каждой ноте. «Eva Sound» band – это парад незабываемых впечатлений и отличного настроения. Большой музыкальный состав: 4 вокалиста, струнный квартет, духовой брасс, перкуссионист, клавишник, барабанщик, гитарист и бас-гитарист."
HK-88430,Куррапика,Ведущий,Алматы,false,false,500000,false,конференция|корпоратив|юбилей,русский,6.0,2026-09-23|2026-09-24|2026-09-25|2026-09-27|2026-10-02|2026-10-04|2026-10-08|2026-10-11|2026-10-15|2026-10-17|2026-10-18|2026-10-19|2026-10-20|2026-10-23|2026-10-27|2026-10-28|2026-10-29|2026-10-31|2026-11-01|2026-11-02|2026-11-05|2026-11-06|2026-11-08|2026-11-11|2026-11-12|2026-11-13|2026-11-14|2026-11-16|2026-11-18|2026-11-20|2026-11-26|2026-11-28|2026-12-01|2026-12-02|2026-12-03|2026-12-04|2026-12-05|2026-12-06|2026-12-07|2026-12-10|2026-12-11|2026-12-12|2026-12-13|2026-12-14|2026-12-16|2026-12-18|2026-12-19|2026-12-20|2026-12-21|2026-12-23|2026-12-24|2026-12-26|2026-12-27|2026-12-28|2026-12-30|2026-12-31,"Я, Куррапика — профессиональный ведущий мероприятий с современным подходом и тонким чувством аудитории. Обладаю харизмой, грамотной речью и умею создавать живую, динамичную атмосферу на любом событии. Специализируюсь на проведении корпоративных мероприятий, торжеств и деловых встреч. Уверенно удерживаю внимание гостей, чувствую настроение зала и легко адаптируюсь под формат и уровень события. Мой стиль — это сочетание интеллигентного юмора, четкой организации и высокого уровня ответственности. Мне доверяют проведение самых важных и значимых мероприятий."
HK-90001,Тихиро Огино (syn),Флорист,Алматы,false,true,250000,false,свадьба|той|юбилей,казахский|русский,8.0,2026-09-25|2026-09-26|2026-09-27|2026-10-01|2026-10-02|2026-10-03|2026-10-05|2026-10-07|2026-10-10|2026-10-16|2026-10-18|2026-10-19|2026-10-20|2026-10-23|2026-11-01|2026-11-03|2026-11-05|2026-11-06|2026-11-07|2026-11-08|2026-11-09|2026-11-10|2026-11-15|2026-11-16|2026-11-21|2026-11-26|2026-11-30|2026-12-03|2026-12-04|2026-12-05|2026-12-06|2026-12-07|2026-12-08|2026-12-09|2026-12-11|2026-12-12|2026-12-13|2026-12-15|2026-12-17|2026-12-18|2026-12-19|2026-12-20|2026-12-23|2026-12-24|2026-12-25|2026-12-26|2026-12-27|2026-12-28|2026-12-30,"White Sakura Studio — авторская флористика для свадеб и юбилеев. Работаем с сезонными и привозными цветами, собираем композиции под цветовую палитру мероприятия — от букета невесты до оформления стола молодожёнов. Сопровождение заказа в день мероприятия — до 8 часов."
HK-90002,Хаку (syn),Флорист,Астана,false,true,300000,false,конференция|корпоратив|свадьба|юбилей,русский,8.0,2026-09-24|2026-09-28|2026-09-29|2026-10-02|2026-10-04|2026-10-05|2026-10-06|2026-10-07|2026-10-11|2026-10-13|2026-10-15|2026-10-18|2026-10-21|2026-10-23|2026-10-31|2026-11-01|2026-11-02|2026-11-05|2026-11-07|2026-11-09|2026-11-10|2026-11-19|2026-11-21|2026-11-22|2026-11-27|2026-12-02|2026-12-04|2026-12-06|2026-12-08|2026-12-09|2026-12-10|2026-12-11|2026-12-12|2026-12-13|2026-12-14|2026-12-15|2026-12-16|2026-12-18|2026-12-20|2026-12-21|2026-12-22|2026-12-23|2026-12-24|2026-12-26|2026-12-27|2026-12-28|2026-12-30|2026-12-31,"Ирис Botanica — флористическое оформление корпоративных и частных событий: welcome-зоны, президиумы, фотозоны. Предлагаем композиции в разных стилях, от минимализма до пышного декора. Сопровождение заказа в день мероприятия — до 8 часов."
HK-90003,Усопп (syn),Декоратор,Алматы,false,true,1800000,false,корпоратив|свадьба,русский,8.0,2026-09-23|2026-09-26|2026-09-27|2026-10-01|2026-10-03|2026-10-18|2026-10-19|2026-10-22|2026-10-23|2026-10-26|2026-10-29|2026-10-31|2026-11-07|2026-11-08|2026-11-09|2026-11-11|2026-11-14|2026-11-20|2026-11-22|2026-11-23|2026-11-25|2026-12-01|2026-12-03|2026-12-04|2026-12-06|2026-12-07|2026-12-08|2026-12-09|2026-12-10|2026-12-11|2026-12-12|2026-12-13|2026-12-14|2026-12-16|2026-12-17|2026-12-18|2026-12-19|2026-12-21|2026-12-22|2026-12-23|2026-12-24|2026-12-25|2026-12-28|2026-12-29|2026-12-31,"Concept Lumen — световые и объёмные инсталляции для свадеб и корпоративных мероприятий: неоновые вывески, шар-гирлянды, тканевый декор потолка. Работаем под ключ: проект, монтаж, демонтаж. Сопровождение заказа в день мероприятия — до 8 часов."
HK-90004,Франки (syn),Декоратор,Алматы,false,true,2200000,false,конференция|корпоратив|свадьба,русский,8.0,2026-09-24|2026-09-30|2026-10-02|2026-10-04|2026-10-07|2026-10-09|2026-10-14|2026-10-17|2026-10-19|2026-10-20|2026-10-22|2026-10-25|2026-10-26|2026-10-29|2026-10-30|2026-10-31|2026-11-01|2026-11-06|2026-11-07|2026-11-14|2026-11-16|2026-11-18|2026-11-19|2026-11-20|2026-11-21|2026-11-22|2026-11-23|2026-11-28|2026-11-29|2026-11-30|2026-12-02|2026-12-03|2026-12-05|2026-12-08|2026-12-10|2026-12-11|2026-12-12|2026-12-13|2026-12-14|2026-12-15|2026-12-16|2026-12-17|2026-12-18|2026-12-19|2026-12-21|2026-12-22|2026-12-23|2026-12-24|2026-12-25|2026-12-26|2026-12-27|2026-12-29|2026-12-30|2026-12-31,"Студия Каркас — сценография и декор больших мероприятий: подиумы, арки, фотозоны на металлокаркасе. Берём проекты премиум-уровня с индивидуальным эскизом под концепцию клиента. Сопровождение заказа в день мероприятия — до 8 часов."
HK-90005,Виолетта Эвергарден (syn),Подарки и сувениры,Алматы,false,true,120000,true,свадьба|юбилей,русский,8.0,2026-09-25|2026-09-26|2026-09-27|2026-10-01|2026-10-02|2026-10-03|2026-10-04|2026-10-09|2026-10-10|2026-10-12|2026-10-14|2026-10-15|2026-10-17|2026-10-22|2026-10-23|2026-10-31|2026-11-01|2026-11-02|2026-11-03|2026-11-07|2026-11-09|2026-11-11|2026-11-12|2026-11-13|2026-11-21|2026-11-22|2026-11-27|2026-11-28|2026-11-29|2026-12-01|2026-12-02|2026-12-03|2026-12-04|2026-12-05|2026-12-06|2026-12-07|2026-12-08|2026-12-09|2026-12-11|2026-12-13|2026-12-15|2026-12-16|2026-12-18|2026-12-19|2026-12-20|2026-12-21|2026-12-22|2026-12-25|2026-12-26|2026-12-27|2026-12-28|2026-12-29|2026-12-31,"Letters & Sweets — именные открытки и подарочные наборы для гостей мероприятия: карточки рассадки, welcome-боксы, сладости с индивидуальным дизайном под тематику события. Сопровождение заказа в день мероприятия — до 8 часов."
HK-90006,Лойд Форджер (syn),Подарки и сувениры,Астана,false,true,100000,true,конференция|корпоратив,английский|русский,8.0,2026-09-23|2026-09-26|2026-09-30|2026-10-01|2026-10-02|2026-10-03|2026-10-04|2026-10-06|2026-10-07|2026-10-11|2026-10-16|2026-10-17|2026-10-19|2026-10-24|2026-10-25|2026-10-27|2026-10-30|2026-11-01|2026-11-03|2026-11-07|2026-11-08|2026-11-10|2026-11-11|2026-11-12|2026-11-13|2026-11-16|2026-11-18|2026-11-20|2026-11-22|2026-11-24|2026-11-26|2026-11-27|2026-11-28|2026-11-29|2026-12-02|2026-12-03|2026-12-04|2026-12-08|2026-12-10|2026-12-12|2026-12-13|2026-12-14|2026-12-15|2026-12-16|2026-12-17|2026-12-18|2026-12-19|2026-12-20|2026-12-21|2026-12-22|2026-12-24|2026-12-25|2026-12-26|2026-12-29|2026-12-30|2026-12-31,"Print & Magnet Craft — брендированный мерч и сувениры для корпоративных мероприятий: фотомагниты, значки, блокноты с логотипом компании. Минимальный тираж от 20 штук. Сопровождение заказа в день мероприятия — до 8 часов."
HK-90007,Субару Нацуки (syn),Ведущий церемонии,Алматы,false,true,250000,false,свадьба,казахский|русский,3.0,2026-09-25|2026-09-26|2026-09-28|2026-09-29|2026-09-30|2026-10-01|2026-10-02|2026-10-03|2026-10-04|2026-10-06|2026-10-09|2026-10-10|2026-10-11|2026-10-13|2026-10-16|2026-10-17|2026-10-18|2026-10-20|2026-10-23|2026-10-25|2026-10-26|2026-10-28|2026-11-02|2026-11-03|2026-11-05|2026-11-06|2026-11-08|2026-11-11|2026-11-12|2026-11-16|2026-11-20|2026-11-21|2026-11-23|2026-11-25|2026-12-01|2026-12-02|2026-12-03|2026-12-04|2026-12-06|2026-12-07|2026-12-08|2026-12-10|2026-12-13|2026-12-14|2026-12-15|2026-12-16|2026-12-17|2026-12-18|2026-12-20|2026-12-21|2026-12-23|2026-12-24|2026-12-25|2026-12-26|2026-12-28|2026-12-31,"Провожу выездную регистрацию и церемонию бракосочетания на казахском и русском языках. Работаю по сценарию пары, без шаблонных фраз — каждая церемония собирается индивидуально под историю молодожёнов."
HK-90008,Рем (syn),Ведущий церемонии,Астана,false,true,220000,false,свадьба,русский,3.0,2026-09-23|2026-09-24|2026-09-25|2026-10-08|2026-10-10|2026-10-15|2026-10-18|2026-10-21|2026-10-23|2026-10-27|2026-10-31|2026-11-01|2026-11-02|2026-11-06|2026-11-07|2026-11-08|2026-11-09|2026-11-11|2026-11-12|2026-11-14|2026-11-21|2026-11-22|2026-11-23|2026-11-25|2026-11-28|2026-12-01|2026-12-02|2026-12-03|2026-12-07|2026-12-08|2026-12-10|2026-12-11|2026-12-13|2026-12-15|2026-12-16|2026-12-17|2026-12-18|2026-12-20|2026-12-21|2026-12-22|2026-12-23|2026-12-24|2026-12-25|2026-12-26|2026-12-27|2026-12-28|2026-12-29|2026-12-30|2026-12-31,"Церемониймейстер выездных регистраций брака. Спокойная, тёплая подача, помогаю паре и гостям прожить церемонию без спешки и лишнего пафоса."
HK-90009,Кадзума Сато (syn),Фото и видеобудки,Алматы,false,true,300000,false,корпоратив|свадьба,русский,6.0,2026-09-25|2026-09-30|2026-10-02|2026-10-04|2026-10-08|2026-10-10|2026-10-12|2026-10-16|2026-10-22|2026-10-24|2026-10-25|2026-10-27|2026-11-04|2026-11-08|2026-11-13|2026-11-14|2026-11-16|2026-11-17|2026-11-20|2026-11-25|2026-11-27|2026-11-28|2026-11-29|2026-11-30|2026-12-03|2026-12-04|2026-12-05|2026-12-06|2026-12-07|2026-12-08|2026-12-10|2026-12-11|2026-12-12|2026-12-14|2026-12-15|2026-12-16|2026-12-17|2026-12-19|2026-12-20|2026-12-22|2026-12-23|2026-12-25|2026-12-26|2026-12-27|2026-12-28|2026-12-29|2026-12-30,"Instant Frame Booth — интерактивная фотобудка с мгновенной печатью снимков и брендированной рамкой. Подходит для свадеб и корпоративных мероприятий, аренда от 3 часов."
HK-90010,Аква (syn),Фото и видеобудки,Астана,false,true,280000,false,день рождения|корпоратив|свадьба,русский,6.0,2026-09-25|2026-09-27|2026-09-29|2026-10-08|2026-10-09|2026-10-10|2026-10-13|2026-10-16|2026-10-17|2026-10-18|2026-10-19|2026-10-24|2026-10-25|2026-10-26|2026-10-27|2026-10-28|2026-10-29|2026-10-30|2026-11-01|2026-11-02|2026-11-05|2026-11-13|2026-11-14|2026-11-16|2026-11-20|2026-11-21|2026-11-22|2026-11-24|2026-11-26|2026-11-28|2026-12-01|2026-12-02|2026-12-03|2026-12-04|2026-12-05|2026-12-08|2026-12-09|2026-12-10|2026-12-11|2026-12-13|2026-12-14|2026-12-15|2026-12-16|2026-12-17|2026-12-18|2026-12-19|2026-12-20|2026-12-22|2026-12-23|2026-12-24|2026-12-26|2026-12-29|2026-12-30,"Magic Mirror Photo — зеркальная фотобудка с сенсорным экраном, анимацией и печатью фото. Гости взаимодействуют с зеркалом как с интерактивным гостем праздника."
HK-90011,Гохан (syn),Банкетный зал|Отель|Ресторан,Алматы,false,true,3200000,true,корпоратив|свадьба|той|юбилей,казахский|русский,8.0,2026-09-23|2026-09-24|2026-09-28|2026-10-03|2026-10-07|2026-10-10|2026-10-11|2026-10-14|2026-10-16|2026-10-17|2026-10-18|2026-10-19|2026-10-20|2026-10-25|2026-10-29|2026-10-31|2026-11-10|2026-11-11|2026-11-15|2026-11-16|2026-11-22|2026-11-26|2026-12-01|2026-12-02|2026-12-03|2026-12-06|2026-12-08|2026-12-09|2026-12-10|2026-12-11|2026-12-12|2026-12-13|2026-12-14|2026-12-15|2026-12-16|2026-12-19|2026-12-20|2026-12-21|2026-12-23|2026-12-24|2026-12-25|2026-12-26|2026-12-27|2026-12-28|2026-12-29|2026-12-30,"Grand Sora Hotel – отель с банкетным залом и рестораном в центре Алматы. Панорамные окна, вместимость зала до 200 гостей, свой кейтеринг и парковка для гостей мероприятия."
HK-90012,Веджита (syn),Банкетный зал|Отель,Астана,false,true,2800000,true,конференция|корпоратив|свадьба|юбилей,английский|русский,10.0,2026-09-25|2026-09-27|2026-09-29|2026-10-01|2026-10-02|2026-10-05|2026-10-11|2026-10-13|2026-10-15|2026-10-16|2026-10-18|2026-10-19|2026-10-21|2026-10-23|2026-10-26|2026-10-27|2026-10-28|2026-10-30|2026-11-02|2026-11-09|2026-11-11|2026-11-13|2026-11-14|2026-11-21|2026-11-24|2026-11-25|2026-11-27|2026-11-28|2026-11-29|2026-11-30|2026-12-01|2026-12-02|2026-12-03|2026-12-04|2026-12-05|2026-12-06|2026-12-07|2026-12-09|2026-12-10|2026-12-11|2026-12-12|2026-12-13|2026-12-15|2026-12-16|2026-12-17|2026-12-18|2026-12-19|2026-12-21|2026-12-24|2026-12-26|2026-12-27|2026-12-28|2026-12-29|2026-12-30,"Skyline Crown Hotel – отель делового класса с двумя банкетными залами разной вместимости. Подходит для корпоративных конференций, свадеб и юбилеев, есть техническое оснащение для презентаций."
HK-90013,Ямча (syn),Инструменталист,Алматы,false,true,400000,false,корпоратив|свадьба,русский,3.0,2026-09-25|2026-09-27|2026-09-29|2026-10-01|2026-10-02|2026-10-06|2026-10-08|2026-10-10|2026-10-11|2026-10-14|2026-10-17|2026-10-19|2026-10-20|2026-10-22|2026-10-23|2026-10-25|2026-10-27|2026-10-28|2026-10-30|2026-10-31|2026-11-05|2026-11-09|2026-11-11|2026-11-14|2026-11-15|2026-11-21|2026-12-01|2026-12-02|2026-12-03|2026-12-04|2026-12-05|2026-12-06|2026-12-08|2026-12-09|2026-12-10|2026-12-11|2026-12-12|2026-12-13|2026-12-14|2026-12-16|2026-12-17|2026-12-19|2026-12-20|2026-12-21|2026-12-23|2026-12-24|2026-12-25|2026-12-26|2026-12-28|2026-12-30,"Сольные выступления на скрипке и саксофоне для свадебных церемоний, романтических ужинов и welcome-зон корпоративных мероприятий. Репертуар — от классики до современных кавер-аранжировок."
HK-91112,Мэгуми Фушигуро,Фотограф,Алматы,false,false,300000,false,свадьба,русский,10.0,2026-09-24|2026-09-26|2026-09-27|2026-09-30|2026-10-03|2026-10-05|2026-10-09|2026-10-10|2026-10-11|2026-10-13|2026-10-14|2026-10-22|2026-10-23|2026-10-27|2026-10-31|2026-11-03|2026-11-05|2026-11-08|2026-11-12|2026-11-16|2026-11-22|2026-11-27|2026-11-30|2026-12-01|2026-12-02|2026-12-03|2026-12-04|2026-12-05|2026-12-06|2026-12-07|2026-12-08|2026-12-09|2026-12-10|2026-12-11|2026-12-12|2026-12-15|2026-12-17|2026-12-18|2026-12-19|2026-12-20|2026-12-21|2026-12-24|2026-12-25|2026-12-26|2026-12-29|2026-12-30|2026-12-31,"Я — свадебный фотограф с тонким чувством эстетики и эмоций. Моя сила не в «шаблонной красоте», а в умении видеть человека: взгляд, паузу, напряжение, нежность. Я хорошо чувствуешь настроение пары и умею подстраиваться под него, не ломая процесс. Мои кадры — не про позы, а про состояние. Мне важно, чтобы на фотографиях оставалась жизнь: взгляд, пауза, прикосновение, волнение. Я люблю честные эмоции, лёгкость и кадры с воздухом — когда фотография не кричит, а чувствуется. Чистоте кадра, лёгкость и визуальное дыхание — мне важно, чтобы фотография возвращала вас снова и снова в важный день вашей жизни. Я внимательна к деталям, людям и атмосфере дня. Для меня съёмка — это не просто работа, а проживание истории вместе с вами. Если вам близка живая, эстетичная и ненавязчивая фотография — мы точно совпадём."
HK-92824,Поньо,Национальный ансамбль|Танцевальный коллектив|Шоу-программа,Алматы,false,false,500000,false,свадьба|той|юбилей,казахский,2.0,2026-09-29|2026-10-04|2026-10-06|2026-10-10|2026-10-15|2026-10-17|2026-10-18|2026-10-22|2026-10-24|2026-10-25|2026-10-29|2026-10-31|2026-11-06|2026-11-07|2026-11-08|2026-11-11|2026-11-15|2026-11-16|2026-11-17|2026-11-18|2026-11-20|2026-11-21|2026-11-22|2026-11-23|2026-11-25|2026-11-26|2026-12-02|2026-12-03|2026-12-04|2026-12-05|2026-12-06|2026-12-07|2026-12-09|2026-12-10|2026-12-11|2026-12-12|2026-12-13|2026-12-15|2026-12-16|2026-12-18|2026-12-19|2026-12-20|2026-12-21|2026-12-23|2026-12-24|2026-12-25|2026-12-28|2026-12-29|2026-12-30|2026-12-31,"Авторский проект Ичиго и Рукии Гармония песни и красоты Ансамбль Sailor Dala, который украсит ваше торжество"
HK-97041,Тэнъя Иида,Ведущий,Астана,false,false,1000000,false,корпоратив|свадьба|той,казахский|русский,10.0,2026-09-24|2026-09-25|2026-09-26|2026-09-28|2026-09-30|2026-10-02|2026-10-07|2026-10-10|2026-10-11|2026-10-12|2026-10-14|2026-10-20|2026-10-21|2026-10-27|2026-10-28|2026-10-30|2026-10-31|2026-11-07|2026-11-08|2026-11-09|2026-11-12|2026-11-13|2026-11-16|2026-11-18|2026-11-24|2026-11-25|2026-11-27|2026-11-29|2026-11-30|2026-12-02|2026-12-03|2026-12-05|2026-12-06|2026-12-08|2026-12-10|2026-12-11|2026-12-12|2026-12-13|2026-12-14|2026-12-17|2026-12-18|2026-12-19|2026-12-20|2026-12-21|2026-12-22|2026-12-23|2026-12-24|2026-12-25|2026-12-26|2026-12-27|2026-12-28|2026-12-30|2026-12-31,"Тэнъя ведёт 12 лет на каз/рус языках , современно, интеллигентно , с юмором ! TOP 7 лучших ведущих KZ по мнению @aniwed.kz.Так же является резидентом школы Ведущих в г.Челябинск , г.Москва."
HK-97737,Фэй Валентайн,Фотограф,Астана,false,false,200000,false,день рождения|свадьба|юбилей,русский,8.0,2026-09-24|2026-09-26|2026-09-28|2026-09-30|2026-10-06|2026-10-15|2026-10-16|2026-10-19|2026-10-21|2026-10-22|2026-10-27|2026-10-30|2026-11-03|2026-11-05|2026-11-06|2026-11-07|2026-11-18|2026-11-20|2026-11-21|2026-11-24|2026-11-27|2026-11-28|2026-12-01|2026-12-02|2026-12-05|2026-12-07|2026-12-08|2026-12-09|2026-12-11|2026-12-12|2026-12-13|2026-12-14|2026-12-15|2026-12-17|2026-12-18|2026-12-19|2026-12-20|2026-12-21|2026-12-23|2026-12-24|2026-12-25|2026-12-26|2026-12-27|2026-12-29|2026-12-30|2026-12-31,"Я — свадебный профессиональный фотограф из Астаны. Снимаю с душой и вниманием к деталям, чтобы вы могли сохранить самые важные моменты своей жизни в кадре. Специализируюсь на свадебной и семейной съёмке, love story, мероприятиях и портретных фотосессиях. Работаю как в студии, так и на выездных локациях, создавая фотографии с живыми эмоциями и атмосферой. Каждая съёмка — это история, которую я помогаю вам рассказать. Индивидуальный подход, качественная обработка и комфортная съёмочная атмосфера — мой стандарт в работе. Готов обсудить ваши идеи и создать для вас красивые, искренние и запоминающиеся кадры."
HK-98562,Какаши Хатаке,Фотограф,Астана,false,false,200000,false,свадьба|юбилей,русский,10.0,2026-09-23|2026-09-25|2026-09-26|2026-09-27|2026-09-28|2026-09-30|2026-10-03|2026-10-08|2026-10-16|2026-10-29|2026-11-01|2026-11-02|2026-11-04|2026-11-05|2026-11-11|2026-11-14|2026-11-15|2026-11-18|2026-11-20|2026-11-26|2026-11-27|2026-12-02|2026-12-03|2026-12-04|2026-12-05|2026-12-06|2026-12-09|2026-12-10|2026-12-11|2026-12-12|2026-12-13|2026-12-14|2026-12-16|2026-12-18|2026-12-19|2026-12-20|2026-12-21|2026-12-23|2026-12-24|2026-12-25|2026-12-26|2026-12-27|2026-12-28|2026-12-29|2026-12-30,"Я — свадебный фотограф, который работает с эстетикой, эмоциями и деталями. Сняла более 80 мероприятий — от камерных мероприятий до масштабных свадеб. Для меня важно не просто «красиво», а чтобы через 10 лет вы открыли фотографии и снова почувствовали этот день. Я помогаю невестам выглядеть естественно и уверенно даже без модельного опыта — направляю, подсказываю позирование и создаю спокойную атмосферу в кадре. Люблю путешествовать и легко выезжаю на съёмки в другие города и страны. Каждая съёмка — это индивидуальный подход и внимание к истории пары."
HK-99701,Сосукэ,Банкетный зал|Загородная площадка|Ресторан,Алматы,true,false,4000000,true,конференция|корпоратив|юбилей,английский|русский,8.0,2026-09-25|2026-09-28|2026-10-02|2026-10-03|2026-10-07|2026-10-09|2026-10-11|2026-10-13|2026-10-20|2026-10-25|2026-10-26|2026-10-27|2026-10-28|2026-11-01|2026-11-02|2026-11-03|2026-11-06|2026-11-07|2026-11-11|2026-11-12|2026-11-14|2026-11-16|2026-11-17|2026-11-19|2026-11-20|2026-11-21|2026-11-23|2026-11-27|2026-11-28|2026-12-01|2026-12-02|2026-12-03|2026-12-06|2026-12-07|2026-12-08|2026-12-09|2026-12-11|2026-12-13|2026-12-15|2026-12-16|2026-12-18|2026-12-19|2026-12-21|2026-12-22|2026-12-23|2026-12-24|2026-12-25|2026-12-26|2026-12-27|2026-12-29|2026-12-30|2026-12-31,"Ouran Golf Club – премиальный гольф-курорт и ресторанный комплекс в Алматы с живописными панорамами гор, просторными зелёными полями и атмосферой уединённого отдыха. Локация идеально подходит для деловых встреч, ужинов на террасе и спокойного отдыха в окружении природы и элегантного сервиса."
SYN-2026-001,Акира Хосино (syn),Банкетный зал,Алматы,true,true,600000,true,конференция|корпоратив,английский|русский,4.0,2026-09-23|2026-10-10|2026-10-27,"Учебный синтетический профиль. Предоставляем зал с банкетной рассадкой и местом для танцев. Спокойная камерная атмосфера. Работаем в городе Алматы. Форматы: конференция, корпоратив. Языки: русский, английский. Стартовая стоимость — 600000 тенге; состав услуг согласуется отдельно."
SYN-2026-002,Хару Хосино (syn),Ведущий,Астана,true,true,125000,true,день рождения|свадьба,казахский|русский,6.0,2026-09-30|2026-10-17|2026-11-03,"Учебный синтетический профиль. Веду программу с импровизацией и общением с гостями. Яркая динамичная программа. Работаем в городе Астана. Форматы: день рождения, свадьба. Языки: русский, казахский. Стартовая стоимость — 125000 тенге; состав услуг согласуется отдельно. Работаем без конкурсов."
SYN-2026-003,Рэн Хосино (syn),Ведущий церемонии,Алматы,true,true,160000,true,конференция|той,казахский|русский,8.0,2026-10-07|2026-10-24|2026-11-10,"Учебный синтетический профиль. Готовлю персональный текст церемонии и согласую порядок выступлений. Деловой сдержанный стиль. Работаем в городе Алматы. Форматы: конференция, той. Языки: русский, казахский. Стартовая стоимость — 160000 тенге; состав услуг согласуется отдельно."
SYN-2026-004,Юки Хосино (syn),Видеограф,Астана,true,true,195000,true,день рождения|юбилей,английский|русский,10.0,2026-10-14|2026-10-31|2026-11-17,"Учебный синтетический профиль. Снимаю видеорепортаж и монтирую короткий фильм о событии. Семейная тёплая атмосфера. Работаем в городе Астана. Форматы: день рождения, юбилей. Языки: русский, английский. Стартовая стоимость — 195000 тенге; состав услуг согласуется отдельно."
SYN-2026-005,Сора Хосино (syn),Декоратор,Алматы,true,true,230000,true,корпоратив|той,казахский|русский,4.0,2026-10-21|2026-11-07|2026-11-24,"Учебный синтетический профиль. Разрабатываю оформление сцены и фотозоны с монтажом и демонтажем. Современный минималистичный стиль. Работаем в городе Алматы. Форматы: корпоратив, той. Языки: русский, казахский. Стартовая стоимость — 230000 тенге; состав услуг согласуется отдельно."
SYN-2026-006,Кай Хосино (syn),Загородная площадка,Астана,true,true,1050000,true,свадьба|юбилей,казахский|русский,6.0,2026-10-28|2026-11-14|2026-12-01,"Учебный синтетический профиль. Предоставляем открытую площадку и крытую зону на случай дождя. Спокойная камерная атмосфера. Работаем в городе Астана. Форматы: свадьба, юбилей. Языки: русский, казахский. Стартовая стоимость — 1050000 тенге; состав услуг согласуется отдельно."
SYN-2026-007,Наоки Хосино (syn),Инструменталист,Алматы,true,true,300000,true,конференция|корпоратив,английский|русский,8.0,2026-11-04|2026-11-21|2026-12-08,"Учебный синтетический профиль. Исполняю инструментальную музыку для встречи гостей и основной программы. Яркая динамичная программа. Работаем в городе Алматы. Форматы: конференция, корпоратив. Языки: русский, английский. Стартовая стоимость — 300000 тенге; состав услуг согласуется отдельно."
SYN-2026-008,Рику Хосино (syn),Лайв-бэнд,Астана,true,true,335000,true,день рождения|свадьба,казахский|русский,10.0,2026-11-11|2026-11-28|2026-12-15,"Учебный синтетический профиль. Играем живую музыку; репертуар и технический райдер согласуем заранее. Деловой сдержанный стиль. Работаем в городе Астана. Форматы: день рождения, свадьба. Языки: русский, казахский. Стартовая стоимость — 335000 тенге; состав услуг согласуется отдельно."
SYN-2026-009,Такуми Хосино (syn),Национальный ансамбль,Алматы,true,true,370000,true,конференция|той,казахский|русский,4.0,2026-11-18|2026-12-05|2026-12-22,"Учебный синтетический профиль. Исполняем национальную музыку с живым сопровождением. Семейная тёплая атмосфера. Работаем в городе Алматы. Форматы: конференция, той. Языки: русский, казахский. Стартовая стоимость — 370000 тенге; состав услуг согласуется отдельно."
SYN-2026-010,Хикару Хосино (syn),Отель,Астана,true,true,1410000,true,день рождения|юбилей,английский|русский,6.0,2026-11-25|2026-12-12|2026-12-29,"Учебный синтетический профиль. Предоставляем пространство для мероприятий и размещение гостей по согласованию. Современный минималистичный стиль. Работаем в городе Астана. Форматы: день рождения, юбилей. Языки: русский, английский. Стартовая стоимость — 1410000 тенге; состав услуг согласуется отдельно."
SYN-2026-011,Аой Хосино (syn),Подарки и сувениры,Алматы,true,true,90000,true,корпоратив|той,казахский|русский,8.0,2026-09-27|2026-12-02|2026-12-19,"Учебный синтетический профиль. Готовим персонализированные сувениры для гостей с согласованным дизайном. Спокойная камерная атмосфера. Работаем в городе Алматы. Форматы: корпоратив, той. Языки: русский, казахский. Стартовая стоимость — 90000 тенге; состав услуг согласуется отдельно. Сопровождение заказа в день мероприятия — до 8 часов."
SYN-2026-012,Мио Хосино (syn),Ресторан,Астана,true,true,690000,true,свадьба|юбилей,казахский|русский,10.0,2026-10-04|2026-12-09|2026-12-26,"Учебный синтетический профиль. Готовим банкетное меню и организуем обслуживание гостей. Яркая динамичная программа. Работаем в городе Астана. Форматы: свадьба, юбилей. Языки: русский, казахский. Стартовая стоимость — 690000 тенге; состав услуг согласуется отдельно."
SYN-2026-013,Рина Хосино (syn),Танцевальный коллектив,Алматы,true,true,160000,true,конференция|корпоратив,английский|русский,4.0,2026-09-24|2026-10-11|2026-12-16,"Учебный синтетический профиль. Готовим сценические танцевальные номера и согласуем площадку. Деловой сдержанный стиль. Работаем в городе Алматы. Форматы: конференция, корпоратив. Языки: русский, английский. Стартовая стоимость — 160000 тенге; состав услуг согласуется отдельно."
SYN-2026-014,Юна Хосино (syn),Флорист,Астана,true,true,195000,true,день рождения|свадьба,казахский|русский,6.0,2026-10-01|2026-10-18|2026-12-23,"Учебный синтетический профиль. Создаю цветочные композиции для столов и церемоний. Семейная тёплая атмосфера. Работаем в городе Астана. Форматы: день рождения, свадьба. Языки: русский, казахский. Стартовая стоимость — 195000 тенге; состав услуг согласуется отдельно."
SYN-2026-015,Сакура Хосино (syn),Фото и видеобудки,Алматы,true,true,230000,true,конференция|той,казахский|русский,8.0,2026-10-08|2026-10-25|2026-12-30,"Учебный синтетический профиль. Устанавливаем фотобудку с реквизитом и оператором. Современный минималистичный стиль. Работаем в городе Алматы. Форматы: конференция, той. Языки: русский, казахский. Стартовая стоимость — 230000 тенге; состав услуг согласуется отдельно."
SYN-2026-016,Каори Хосино (syn),Фотограф,Астана,true,true,265000,true,день рождения|юбилей,английский|русский,10.0,2026-09-28|2026-10-15|2026-11-01,"Учебный синтетический профиль. Снимаю репортаж и постановочные портреты, передаю обработанные фотографии. Спокойная камерная атмосфера. Работаем в городе Астана. Форматы: день рождения, юбилей. Языки: русский, английский. Стартовая стоимость — 265000 тенге; состав услуг согласуется отдельно."
SYN-2026-017,Асука Хосино (syn),Шоу-программа,Алматы,true,true,300000,true,корпоратив|той,казахский|русский,4.0,2026-10-05|2026-10-22|2026-11-08,"Учебный синтетический профиль. Предлагаем сценическое выступление с согласованным сценарием. Яркая динамичная программа. Работаем в городе Алматы. Форматы: корпоратив, той. Языки: русский, казахский. Стартовая стоимость — 300000 тенге; состав услуг согласуется отдельно. Проводим конкурсы и игры."
SYN-2026-018,Мэй Хосино (syn),Банкетный зал,Астана,true,true,1230000,true,свадьба|юбилей,казахский|русский,6.0,2026-10-12|2026-10-29|2026-11-15,"Учебный синтетический профиль. Предоставляем зал с банкетной рассадкой и местом для танцев. Деловой сдержанный стиль. Работаем в городе Астана. Форматы: свадьба, юбилей. Языки: русский, казахский. Стартовая стоимость — 1230000 тенге; состав услуг согласуется отдельно."
SYN-2026-019,Нана Хосино (syn),Ведущий,Алматы,true,true,370000,true,конференция|корпоратив,английский|русский,8.0,2026-10-19|2026-11-05|2026-11-22,"Учебный синтетический профиль. Веду программу с импровизацией и общением с гостями. Семейная тёплая атмосфера. Работаем в городе Алматы. Форматы: конференция, корпоратив. Языки: русский, английский. Стартовая стоимость — 370000 тенге; состав услуг согласуется отдельно. Проводим конкурсы и игры."
SYN-2026-020,Хотару Хосино (syn),Ведущий церемонии,Астана,true,true,405000,true,день рождения|свадьба,казахский|русский,10.0,2026-10-26|2026-11-12|2026-11-29,"Учебный синтетический профиль. Готовлю персональный текст церемонии и согласую порядок выступлений. Современный минималистичный стиль. Работаем в городе Астана. Форматы: день рождения, свадьба. Языки: русский, казахский. Стартовая стоимость — 405000 тенге; состав услуг согласуется отдельно."
SYN-2026-021,Акира Мидзуки (syn),Видеограф,Алматы,true,true,90000,true,конференция|той,казахский|русский,4.0,2026-11-02|2026-11-19|2026-12-06,"Учебный синтетический профиль. Снимаю видеорепортаж и монтирую короткий фильм о событии. Спокойная камерная атмосфера. Работаем в городе Алматы. Форматы: конференция, той. Языки: русский, казахский. Стартовая стоимость — 90000 тенге; состав услуг согласуется отдельно."
SYN-2026-022,Хару Мидзуки (syn),Декоратор,Астана,true,true,125000,true,день рождения|юбилей,английский|русский,6.0,2026-11-09|2026-11-26|2026-12-13,"Учебный синтетический профиль. Разрабатываю оформление сцены и фотозоны с монтажом и демонтажем. Яркая динамичная программа. Работаем в городе Астана. Форматы: день рождения, юбилей. Языки: русский, английский. Стартовая стоимость — 125000 тенге; состав услуг согласуется отдельно."
SYN-2026-023,Рэн Мидзуки (syn),Загородная площадка,Алматы,true,true,780000,true,корпоратив|той,казахский|русский,8.0,2026-11-16|2026-12-03|2026-12-20,"Учебный синтетический профиль. Предоставляем открытую площадку и крытую зону на случай дождя. Деловой сдержанный стиль. Работаем в городе Алматы. Форматы: корпоратив, той. Языки: русский, казахский. Стартовая стоимость — 780000 тенге; состав услуг согласуется отдельно."
SYN-2026-024,Юки Мидзуки (syn),Инструменталист,Астана,true,true,195000,true,свадьба|юбилей,казахский|русский,10.0,2026-11-23|2026-12-10|2026-12-27,"Учебный синтетический профиль. Исполняю инструментальную музыку для встречи гостей и основной программы. Семейная тёплая атмосфера. Работаем в городе Астана. Форматы: свадьба, юбилей. Языки: русский, казахский. Стартовая стоимость — 195000 тенге; состав услуг согласуется отдельно."
SYN-2026-025,Сора Мидзуки (syn),Лайв-бэнд,Алматы,true,true,230000,true,конференция|корпоратив,английский|русский,4.0,2026-09-25|2026-11-30|2026-12-17,"Учебный синтетический профиль. Играем живую музыку; репертуар и технический райдер согласуем заранее. Современный минималистичный стиль. Работаем в городе Алматы. Форматы: конференция, корпоратив. Языки: русский, английский. Стартовая стоимость — 230000 тенге; состав услуг согласуется отдельно."
SYN-2026-026,Кай Мидзуки (syn),Национальный ансамбль,Астана,true,true,265000,true,день рождения|свадьба,казахский|русский,6.0,2026-10-02|2026-12-07|2026-12-24,"Учебный синтетический профиль. Исполняем национальную музыку с живым сопровождением. Спокойная камерная атмосфера. Работаем в городе Астана. Форматы: день рождения, свадьба. Языки: русский, казахский. Стартовая стоимость — 265000 тенге; состав услуг согласуется отдельно."
SYN-2026-027,Наоки Мидзуки (syn),Отель,Алматы,true,true,1140000,true,конференция|той,казахский|русский,8.0,2026-10-09|2026-12-14|2026-12-31,"Учебный синтетический профиль. Предоставляем пространство для мероприятий и размещение гостей по согласованию. Яркая динамичная программа. Работаем в городе Алматы. Форматы: конференция, той. Языки: русский, казахский. Стартовая стоимость — 1140000 тенге; состав услуг согласуется отдельно."
SYN-2026-028,Рику Мидзуки (syn),Подарки и сувениры,Астана,true,true,335000,true,день рождения|юбилей,английский|русский,8.0,2026-09-29|2026-10-16|2026-12-21,"Учебный синтетический профиль. Готовим персонализированные сувениры для гостей с согласованным дизайном. Деловой сдержанный стиль. Работаем в городе Астана. Форматы: день рождения, юбилей. Языки: русский, английский. Стартовая стоимость — 335000 тенге; состав услуг согласуется отдельно. Сопровождение заказа в день мероприятия — до 8 часов."
SYN-2026-029,Такуми Мидзуки (syn),Ресторан,Алматы,true,true,1320000,true,корпоратив|той,казахский|русский,4.0,2026-10-06|2026-10-23|2026-12-28,"Учебный синтетический профиль. Готовим банкетное меню и организуем обслуживание гостей. Семейная тёплая атмосфера. Работаем в городе Алматы. Форматы: корпоратив, той. Языки: русский, казахский. Стартовая стоимость — 1320000 тенге; состав услуг согласуется отдельно."
SYN-2026-030,Хикару Мидзуки (syn),Танцевальный коллектив,Астана,true,true,405000,true,свадьба|юбилей,казахский|русский,6.0,2026-09-26|2026-10-13|2026-10-30,"Учебный синтетический профиль. Готовим сценические танцевальные номера и согласуем площадку. Современный минималистичный стиль. Работаем в городе Астана. Форматы: свадьба, юбилей. Языки: русский, казахский. Стартовая стоимость — 405000 тенге; состав услуг согласуется отдельно."
SYN-2026-031,Аой Мидзуки (syn),Флорист,Алматы,true,true,90000,true,конференция|корпоратив,английский|русский,8.0,2026-10-03|2026-10-20|2026-11-06,"Учебный синтетический профиль. Создаю цветочные композиции для столов и церемоний. Спокойная камерная атмосфера. Работаем в городе Алматы. Форматы: конференция, корпоратив. Языки: русский, английский. Стартовая стоимость — 90000 тенге; состав услуг согласуется отдельно."
SYN-2026-032,Мио Мидзуки (syn),Фото и видеобудки,Астана,true,true,125000,true,день рождения|свадьба,казахский|русский,10.0,2026-10-10|2026-10-27|2026-11-13,"Учебный синтетический профиль. Устанавливаем фотобудку с реквизитом и оператором. Яркая динамичная программа. Работаем в городе Астана. Форматы: день рождения, свадьба. Языки: русский, казахский. Стартовая стоимость — 125000 тенге; состав услуг согласуется отдельно."
SYN-2026-033,Рина Мидзуки (syn),Фотограф,Алматы,true,true,160000,true,конференция|той,казахский|русский,4.0,2026-10-17|2026-11-03|2026-11-20,"Учебный синтетический профиль. Снимаю репортаж и постановочные портреты, передаю обработанные фотографии. Деловой сдержанный стиль. Работаем в городе Алматы. Форматы: конференция, той. Языки: русский, казахский. Стартовая стоимость — 160000 тенге; состав услуг согласуется отдельно."
SYN-2026-034,Юна Мидзуки (syn),Шоу-программа,Астана,true,true,195000,true,день рождения|юбилей,английский|русский,6.0,2026-10-24|2026-11-10|2026-11-27,"Учебный синтетический профиль. Предлагаем сценическое выступление с согласованным сценарием. Семейная тёплая атмосфера. Работаем в городе Астана. Форматы: день рождения, юбилей. Языки: русский, английский. Стартовая стоимость — 195000 тенге; состав услуг согласуется отдельно. Работаем без конкурсов."
SYN-2026-035,Сакура Мидзуки (syn),Банкетный зал,Алматы,true,true,960000,true,корпоратив|той,казахский|русский,8.0,2026-10-31|2026-11-17|2026-12-04,"Учебный синтетический профиль. Предоставляем зал с банкетной рассадкой и местом для танцев. Современный минималистичный стиль. Работаем в городе Алматы. Форматы: корпоратив, той. Языки: русский, казахский. Стартовая стоимость — 960000 тенге; состав услуг согласуется отдельно."
SYN-2026-036,Каори Мидзуки (syn),Ведущий,Астана,true,true,265000,true,свадьба|юбилей,казахский|русский,10.0,2026-11-07|2026-11-24|2026-12-11,"Учебный синтетический профиль. Веду программу с импровизацией и общением с гостями. Спокойная камерная атмосфера. Работаем в городе Астана. Форматы: свадьба, юбилей. Языки: русский, казахский. Стартовая стоимость — 265000 тенге; состав услуг согласуется отдельно. Работаем без конкурсов."
SYN-2026-037,Асука Мидзуки (syn),Ведущий церемонии,Алматы,true,true,300000,true,конференция|корпоратив,английский|русский,4.0,2026-11-14|2026-12-01|2026-12-18,"Учебный синтетический профиль. Готовлю персональный текст церемонии и согласую порядок выступлений. Яркая динамичная программа. Работаем в городе Алматы. Форматы: конференция, корпоратив. Языки: русский, английский. Стартовая стоимость — 300000 тенге; состав услуг согласуется отдельно."
SYN-2026-038,Мэй Мидзуки (syn),Видеограф,Астана,true,true,335000,true,день рождения|свадьба,казахский|русский,6.0,2026-11-21|2026-12-08|2026-12-25,"Учебный синтетический профиль. Снимаю видеорепортаж и монтирую короткий фильм о событии. Деловой сдержанный стиль. Работаем в городе Астана. Форматы: день рождения, свадьба. Языки: русский, казахский. Стартовая стоимость — 335000 тенге; состав услуг согласуется отдельно."
SYN-2026-039,Нана Мидзуки (syn),Декоратор,Алматы,true,true,370000,true,конференция|той,казахский|русский,8.0,2026-09-23|2026-11-28|2026-12-15,"Учебный синтетический профиль. Разрабатываю оформление сцены и фотозоны с монтажом и демонтажем. Семейная тёплая атмосфера. Работаем в городе Алматы. Форматы: конференция, той. Языки: русский, казахский. Стартовая стоимость — 370000 тенге; состав услуг согласуется отдельно."
SYN-2026-040,Хотару Мидзуки (syn),Загородная площадка,Астана,true,true,1410000,true,день рождения|юбилей,английский|русский,10.0,2026-09-30|2026-12-05|2026-12-22,"Учебный синтетический профиль. Предоставляем открытую площадку и крытую зону на случай дождя. Современный минималистичный стиль. Работаем в городе Астана. Форматы: день рождения, юбилей. Языки: русский, английский. Стартовая стоимость — 1410000 тенге; состав услуг согласуется отдельно."
SYN-2026-041,Акира Такахаси (syn),Инструменталист,Алматы,true,true,90000,true,корпоратив|той,казахский|русский,4.0,2026-10-07|2026-12-12|2026-12-29,"Учебный синтетический профиль. Исполняю инструментальную музыку для встречи гостей и основной программы. Спокойная камерная атмосфера. Работаем в городе Алматы. Форматы: корпоратив, той. Языки: русский, казахский. Стартовая стоимость — 90000 тенге; состав услуг согласуется отдельно."
SYN-2026-042,Хару Такахаси (syn),Лайв-бэнд,Астана,true,true,125000,true,свадьба|юбилей,казахский|русский,6.0,2026-09-27|2026-10-14|2026-12-19,"Учебный синтетический профиль. Играем живую музыку; репертуар и технический райдер согласуем заранее. Яркая динамичная программа. Работаем в городе Астана. Форматы: свадьба, юбилей. Языки: русский, казахский. Стартовая стоимость — 125000 тенге; состав услуг согласуется отдельно."
SYN-2026-043,Рэн Такахаси (syn),Национальный ансамбль,Алматы,true,true,160000,true,конференция|корпоратив,английский|русский,8.0,2026-10-04|2026-10-21|2026-12-26,"Учебный синтетический профиль. Исполняем национальную музыку с живым сопровождением. Деловой сдержанный стиль. Работаем в городе Алматы. Форматы: конференция, корпоратив. Языки: русский, английский. Стартовая стоимость — 160000 тенге; состав услуг согласуется отдельно."
SYN-2026-044,Юки Такахаси (syn),Отель,Астана,true,true,870000,true,день рождения|свадьба,казахский|русский,10.0,2026-09-24|2026-10-11|2026-10-28,"Учебный синтетический профиль. Предоставляем пространство для мероприятий и размещение гостей по согласованию. Семейная тёплая атмосфера. Работаем в городе Астана. Форматы: день рождения, свадьба. Языки: русский, казахский. Стартовая стоимость — 870000 тенге; состав услуг согласуется отдельно."
SYN-2026-045,Сора Такахаси (syn),Подарки и сувениры,Алматы,true,true,230000,true,конференция|той,казахский|русский,8.0,2026-10-01|2026-10-18|2026-11-04,"Учебный синтетический профиль. Готовим персонализированные сувениры для гостей с согласованным дизайном. Современный минималистичный стиль. Работаем в городе Алматы. Форматы: конференция, той. Языки: русский, казахский. Стартовая стоимость — 230000 тенге; состав услуг согласуется отдельно. Сопровождение заказа в день мероприятия — до 8 часов."
SYN-2026-046,Кай Такахаси (syn),Ресторан,Астана,true,true,1050000,true,день рождения|юбилей,английский|русский,6.0,2026-10-08|2026-10-25|2026-11-11,"Учебный синтетический профиль. Готовим банкетное меню и организуем обслуживание гостей. Спокойная камерная атмосфера. Работаем в городе Астана. Форматы: день рождения, юбилей. Языки: русский, английский. Стартовая стоимость — 1050000 тенге; состав услуг согласуется отдельно."
SYN-2026-047,Наоки Такахаси (syn),Танцевальный коллектив,Алматы,true,true,300000,true,корпоратив|той,казахский|русский,8.0,2026-10-15|2026-11-01|2026-11-18,"Учебный синтетический профиль. Готовим сценические танцевальные номера и согласуем площадку. Яркая динамичная программа. Работаем в городе Алматы. Форматы: корпоратив, той. Языки: русский, казахский. Стартовая стоимость — 300000 тенге; состав услуг согласуется отдельно."
SYN-2026-048,Рику Такахаси (syn),Флорист,Астана,true,true,335000,true,свадьба|юбилей,казахский|русский,10.0,2026-10-22|2026-11-08|2026-11-25,"Учебный синтетический профиль. Создаю цветочные композиции для столов и церемоний. Деловой сдержанный стиль. Работаем в городе Астана. Форматы: свадьба, юбилей. Языки: русский, казахский. Стартовая стоимость — 335000 тенге; состав услуг согласуется отдельно."
SYN-2026-049,Такуми Такахаси (syn),Фото и видеобудки,Алматы,true,true,370000,true,конференция|корпоратив,английский|русский,4.0,2026-10-29|2026-11-15|2026-12-02,"Учебный синтетический профиль. Устанавливаем фотобудку с реквизитом и оператором. Семейная тёплая атмосфера. Работаем в городе Алматы. Форматы: конференция, корпоратив. Языки: русский, английский. Стартовая стоимость — 370000 тенге; состав услуг согласуется отдельно."
SYN-2026-050,Хикару Такахаси (syn),Фотограф,Астана,true,true,405000,true,день рождения|свадьба,казахский|русский,6.0,2026-11-05|2026-11-22|2026-12-09,"Учебный синтетический профиль. Снимаю репортаж и постановочные портреты, передаю обработанные фотографии. Современный минималистичный стиль. Работаем в городе Астана. Форматы: день рождения, свадьба. Языки: русский, казахский. Стартовая стоимость — 405000 тенге; состав услуг согласуется отдельно."
SYN-2026-051,Аой Такахаси (syn),Шоу-программа,Алматы,true,true,90000,true,конференция|той,казахский|русский,8.0,2026-11-12|2026-11-29|2026-12-16,"Учебный синтетический профиль. Предлагаем сценическое выступление с согласованным сценарием. Спокойная камерная атмосфера. Работаем в городе Алматы. Форматы: конференция, той. Языки: русский, казахский. Стартовая стоимость — 90000 тенге; состав услуг согласуется отдельно. Проводим конкурсы и игры."
SYN-2026-052,Мио Такахаси (syn),Банкетный зал,Астана,true,true,690000,true,день рождения|юбилей,английский|русский,10.0,2026-11-19|2026-12-06|2026-12-23,"Учебный синтетический профиль. Предоставляем зал с банкетной рассадкой и местом для танцев. Яркая динамичная программа. Работаем в городе Астана. Форматы: день рождения, юбилей. Языки: русский, английский. Стартовая стоимость — 690000 тенге; состав услуг согласуется отдельно."
SYN-2026-053,Рина Такахаси (syn),Ведущий,Алматы,true,true,160000,true,корпоратив|той,казахский|русский,4.0,2026-11-26|2026-12-13|2026-12-30,"Учебный синтетический профиль. Веду программу с импровизацией и общением с гостями. Деловой сдержанный стиль. Работаем в городе Алматы. Форматы: корпоратив, той. Языки: русский, казахский. Стартовая стоимость — 160000 тенге; состав услуг согласуется отдельно. Проводим конкурсы и игры."
SYN-2026-054,Юна Такахаси (syn),Ведущий церемонии,Астана,true,true,195000,true,свадьба|юбилей,казахский|русский,6.0,2026-09-28|2026-12-03|2026-12-20,"Учебный синтетический профиль. Готовлю персональный текст церемонии и согласую порядок выступлений. Семейная тёплая атмосфера. Работаем в городе Астана. Форматы: свадьба, юбилей. Языки: русский, казахский. Стартовая стоимость — 195000 тенге; состав услуг согласуется отдельно."
SYN-2026-055,Сакура Такахаси (syn),Видеограф,Алматы,true,true,230000,true,конференция|корпоратив,английский|русский,8.0,2026-10-05|2026-12-10|2026-12-27,"Учебный синтетический профиль. Снимаю видеорепортаж и монтирую короткий фильм о событии. Современный минималистичный стиль. Работаем в городе Алматы. Форматы: конференция, корпоратив. Языки: русский, английский. Стартовая стоимость — 230000 тенге; состав услуг согласуется отдельно."
SYN-2026-056,Каори Такахаси (syn),Декоратор,Астана,true,true,265000,true,день рождения|свадьба,казахский|русский,10.0,2026-09-25|2026-10-12|2026-12-17,"Учебный синтетический профиль. Разрабатываю оформление сцены и фотозоны с монтажом и демонтажем. Спокойная камерная атмосфера. Работаем в городе Астана. Форматы: день рождения, свадьба. Языки: русский, казахский. Стартовая стоимость — 265000 тенге; состав услуг согласуется отдельно."
SYN-2026-057,Асука Такахаси (syn),Загородная площадка,Алматы,true,true,1140000,true,конференция|той,казахский|русский,4.0,2026-10-02|2026-10-19|2026-12-24,"Учебный синтетический профиль. Предоставляем открытую площадку и крытую зону на случай дождя. Яркая динамичная программа. Работаем в городе Алматы. Форматы: конференция, той. Языки: русский, казахский. Стартовая стоимость — 1140000 тенге; состав услуг согласуется отдельно."
SYN-2026-058,Мэй Такахаси (syn),Инструменталист,Астана,true,true,335000,true,день рождения|юбилей,английский|русский,6.0,2026-10-09|2026-10-26|2026-12-31,"Учебный синтетический профиль. Исполняю инструментальную музыку для встречи гостей и основной программы. Деловой сдержанный стиль. Работаем в городе Астана. Форматы: день рождения, юбилей. Языки: русский, английский. Стартовая стоимость — 335000 тенге; состав услуг согласуется отдельно."
SYN-2026-059,Нана Такахаси (syn),Лайв-бэнд,Алматы,true,true,370000,true,корпоратив|той,казахский|русский,8.0,2026-09-29|2026-10-16|2026-11-02,"Учебный синтетический профиль. Играем живую музыку; репертуар и технический райдер согласуем заранее. Семейная тёплая атмосфера. Работаем в городе Алматы. Форматы: корпоратив, той. Языки: русский, казахский. Стартовая стоимость — 370000 тенге; состав услуг согласуется отдельно."
SYN-2026-060,Хотару Такахаси (syn),Национальный ансамбль,Астана,true,true,405000,true,свадьба|юбилей,казахский|русский,10.0,2026-10-06|2026-10-23|2026-11-09,"Учебный синтетический профиль. Исполняем национальную музыку с живым сопровождением. Современный минималистичный стиль. Работаем в городе Астана. Форматы: свадьба, юбилей. Языки: русский, казахский. Стартовая стоимость — 405000 тенге; состав услуг согласуется отдельно."
SYN-2026-061,Акира Амаги (syn),Отель,Алматы,true,true,600000,true,конференция|корпоратив,английский|русский,4.0,2026-10-13|2026-10-30|2026-11-16,"Учебный синтетический профиль. Предоставляем пространство для мероприятий и размещение гостей по согласованию. Спокойная камерная атмосфера. Работаем в городе Алматы. Форматы: конференция, корпоратив. Языки: русский, английский. Стартовая стоимость — 600000 тенге; состав услуг согласуется отдельно."
SYN-2026-062,Хару Амаги (syn),Подарки и сувениры,Астана,true,true,125000,true,день рождения|свадьба,казахский|русский,8.0,2026-10-20|2026-11-06|2026-11-23,"Учебный синтетический профиль. Готовим персонализированные сувениры для гостей с согласованным дизайном. Яркая динамичная программа. Работаем в городе Астана. Форматы: день рождения, свадьба. Языки: русский, казахский. Стартовая стоимость — 125000 тенге; состав услуг согласуется отдельно. Сопровождение заказа в день мероприятия — до 8 часов."
SYN-2026-063,Рэн Амаги (syn),Ресторан,Алматы,true,true,780000,true,конференция|той,казахский|русский,8.0,2026-10-27|2026-11-13|2026-11-30,"Учебный синтетический профиль. Готовим банкетное меню и организуем обслуживание гостей. Деловой сдержанный стиль. Работаем в городе Алматы. Форматы: конференция, той. Языки: русский, казахский. Стартовая стоимость — 780000 тенге; состав услуг согласуется отдельно."
SYN-2026-064,Юки Амаги (syn),Танцевальный коллектив,Астана,true,true,195000,true,день рождения|юбилей,английский|русский,10.0,2026-11-03|2026-11-20|2026-12-07,"Учебный синтетический профиль. Готовим сценические танцевальные номера и согласуем площадку. Семейная тёплая атмосфера. Работаем в городе Астана. Форматы: день рождения, юбилей. Языки: русский, английский. Стартовая стоимость — 195000 тенге; состав услуг согласуется отдельно."
SYN-2026-065,Сора Амаги (syn),Флорист,Алматы,true,true,230000,true,корпоратив|той,казахский|русский,4.0,2026-11-10|2026-11-27|2026-12-14,"Учебный синтетический профиль. Создаю цветочные композиции для столов и церемоний. Современный минималистичный стиль. Работаем в городе Алматы. Форматы: корпоратив, той. Языки: русский, казахский. Стартовая стоимость — 230000 тенге; состав услуг согласуется отдельно."
SYN-2026-066,Кай Амаги (syn),Фото и видеобудки,Астана,true,true,265000,true,свадьба|юбилей,казахский|русский,6.0,2026-11-17|2026-12-04|2026-12-21,"Учебный синтетический профиль. Устанавливаем фотобудку с реквизитом и оператором. Спокойная камерная атмосфера. Работаем в городе Астана. Форматы: свадьба, юбилей. Языки: русский, казахский. Стартовая стоимость — 265000 тенге; состав услуг согласуется отдельно."
SYN-2026-067,Наоки Амаги (syn),Фотограф,Алматы,true,true,300000,true,конференция|корпоратив,английский|русский,8.0,2026-11-24|2026-12-11|2026-12-28,"Учебный синтетический профиль. Снимаю репортаж и постановочные портреты, передаю обработанные фотографии. Яркая динамичная программа. Работаем в городе Алматы. Форматы: конференция, корпоратив. Языки: русский, английский. Стартовая стоимость — 300000 тенге; состав услуг согласуется отдельно."
SYN-2026-068,Рику Амаги (syn),Шоу-программа,Астана,true,true,335000,true,день рождения|свадьба,казахский|русский,10.0,2026-09-26|2026-12-01|2026-12-18,"Учебный синтетический профиль. Предлагаем сценическое выступление с согласованным сценарием. Деловой сдержанный стиль. Работаем в городе Астана. Форматы: день рождения, свадьба. Языки: русский, казахский. Стартовая стоимость — 335000 тенге; состав услуг согласуется отдельно. Работаем без конкурсов."
SYN-2026-069,Такуми Амаги (syn),Банкетный зал,Алматы,true,true,1320000,true,конференция|той,казахский|русский,4.0,2026-10-03|2026-12-08|2026-12-25,"Учебный синтетический профиль. Предоставляем зал с банкетной рассадкой и местом для танцев. Семейная тёплая атмосфера. Работаем в городе Алматы. Форматы: конференция, той. Языки: русский, казахский. Стартовая стоимость — 1320000 тенге; состав услуг согласуется отдельно."
SYN-2026-070,Хикару Амаги (syn),Ведущий,Астана,true,true,405000,true,день рождения|юбилей,английский|русский,6.0,2026-09-23|2026-10-10|2026-12-15,"Учебный синтетический профиль. Веду программу с импровизацией и общением с гостями. Современный минималистичный стиль. Работаем в городе Астана. Форматы: день рождения, юбилей. Языки: русский, английский. Стартовая стоимость — 405000 тенге; состав услуг согласуется отдельно. Работаем без конкурсов."
SYN-2026-071,Аой Амаги (syn),Ведущий церемонии,Алматы,true,true,90000,true,корпоратив|той,казахский|русский,8.0,2026-09-30|2026-10-17|2026-12-22,"Учебный синтетический профиль. Готовлю персональный текст церемонии и согласую порядок выступлений. Спокойная камерная атмосфера. Работаем в городе Алматы. Форматы: корпоратив, той. Языки: русский, казахский. Стартовая стоимость — 90000 тенге; состав услуг согласуется отдельно."
SYN-2026-072,Мио Амаги (syn),Видеограф,Астана,true,true,125000,true,свадьба|юбилей,казахский|русский,10.0,2026-10-07|2026-10-24|2026-12-29,"Учебный синтетический профиль. Снимаю видеорепортаж и монтирую короткий фильм о событии. Яркая динамичная программа. Работаем в городе Астана. Форматы: свадьба, юбилей. Языки: русский, казахский. Стартовая стоимость — 125000 тенге; состав услуг согласуется отдельно."
SYN-2026-073,Рина Амаги (syn),Декоратор,Алматы,true,true,160000,true,конференция|корпоратив,английский|русский,4.0,2026-09-27|2026-10-14|2026-10-31,"Учебный синтетический профиль. Разрабатываю оформление сцены и фотозоны с монтажом и демонтажем. Деловой сдержанный стиль. Работаем в городе Алматы. Форматы: конференция, корпоратив. Языки: русский, английский. Стартовая стоимость — 160000 тенге; состав услуг согласуется отдельно."
SYN-2026-074,Юна Амаги (syn),Загородная площадка,Астана,true,true,870000,true,день рождения|свадьба,казахский|русский,6.0,2026-10-04|2026-10-21|2026-11-07,"Учебный синтетический профиль. Предоставляем открытую площадку и крытую зону на случай дождя. Семейная тёплая атмосфера. Работаем в городе Астана. Форматы: день рождения, свадьба. Языки: русский, казахский. Стартовая стоимость — 870000 тенге; состав услуг согласуется отдельно."
SYN-2026-075,Сакура Амаги (syn),Инструменталист,Алматы,true,true,230000,true,конференция|той,казахский|русский,8.0,2026-10-11|2026-10-28|2026-11-14,"Учебный синтетический профиль. Исполняю инструментальную музыку для встречи гостей и основной программы. Современный минималистичный стиль. Работаем в городе Алматы. Форматы: конференция, той. Языки: русский, казахский. Стартовая стоимость — 230000 тенге; состав услуг согласуется отдельно."
SYN-2026-076,Каори Амаги (syn),Лайв-бэнд,Астана,true,true,265000,true,день рождения|юбилей,английский|русский,10.0,2026-10-18|2026-11-04|2026-11-21,"Учебный синтетический профиль. Играем живую музыку; репертуар и технический райдер согласуем заранее. Спокойная камерная атмосфера. Работаем в городе Астана. Форматы: день рождения, юбилей. Языки: русский, английский. Стартовая стоимость — 265000 тенге; состав услуг согласуется отдельно."
SYN-2026-077,Асука Амаги (syn),Национальный ансамбль,Алматы,true,true,300000,true,корпоратив|той,казахский|русский,4.0,2026-10-25|2026-11-11|2026-11-28,"Учебный синтетический профиль. Исполняем национальную музыку с живым сопровождением. Яркая динамичная программа. Работаем в городе Алматы. Форматы: корпоратив, той. Языки: русский, казахский. Стартовая стоимость — 300000 тенге; состав услуг согласуется отдельно."
SYN-2026-078,Мэй Амаги (syn),Отель,Астана,true,true,1230000,true,свадьба|юбилей,казахский|русский,6.0,2026-11-01|2026-11-18|2026-12-05,"Учебный синтетический профиль. Предоставляем пространство для мероприятий и размещение гостей по согласованию. Деловой сдержанный стиль. Работаем в городе Астана. Форматы: свадьба, юбилей. Языки: русский, казахский. Стартовая стоимость — 1230000 тенге; состав услуг согласуется отдельно."
SYN-2026-079,Нана Амаги (syn),Подарки и сувениры,Алматы,true,true,370000,true,конференция|корпоратив,английский|русский,8.0,2026-11-08|2026-11-25|2026-12-12,"Учебный синтетический профиль. Готовим персонализированные сувениры для гостей с согласованным дизайном. Семейная тёплая атмосфера. Работаем в городе Алматы. Форматы: конференция, корпоратив. Языки: русский, английский. Стартовая стоимость — 370000 тенге; состав услуг согласуется отдельно. Сопровождение заказа в день мероприятия — до 8 часов."
SYN-2026-080,Хотару Амаги (syn),Ресторан,Астана,true,true,1410000,true,день рождения|свадьба,казахский|русский,10.0,2026-11-15|2026-12-02|2026-12-19,"Учебный синтетический профиль. Готовим банкетное меню и организуем обслуживание гостей. Современный минималистичный стиль. Работаем в городе Астана. Форматы: день рождения, свадьба. Языки: русский, казахский. Стартовая стоимость — 1410000 тенге; состав услуг согласуется отдельно."
SYN-2026-081,Акира Кирисима (syn),Танцевальный коллектив,Алматы,true,true,90000,true,конференция|той,казахский|русский,4.0,2026-11-22|2026-12-09|2026-12-26,"Учебный синтетический профиль. Готовим сценические танцевальные номера и согласуем площадку. Спокойная камерная атмосфера. Работаем в городе Алматы. Форматы: конференция, той. Языки: русский, казахский. Стартовая стоимость — 90000 тенге; состав услуг согласуется отдельно."
SYN-2026-082,Хару Кирисима (syn),Флорист,Астана,true,true,125000,true,день рождения|юбилей,английский|русский,6.0,2026-09-24|2026-11-29|2026-12-16,"Учебный синтетический профиль. Создаю цветочные композиции для столов и церемоний. Яркая динамичная программа. Работаем в городе Астана. Форматы: день рождения, юбилей. Языки: русский, английский. Стартовая стоимость — 125000 тенге; состав услуг согласуется отдельно."
SYN-2026-083,Рэн Кирисима (syn),Фото и видеобудки,Алматы,true,true,160000,true,корпоратив|той,казахский|русский,8.0,2026-10-01|2026-12-06|2026-12-23,"Учебный синтетический профиль. Устанавливаем фотобудку с реквизитом и оператором. Деловой сдержанный стиль. Работаем в городе Алматы. Форматы: корпоратив, той. Языки: русский, казахский. Стартовая стоимость — 160000 тенге; состав услуг согласуется отдельно."
SYN-2026-084,Юки Кирисима (syn),Фотограф,Астана,true,true,195000,true,свадьба|юбилей,казахский|русский,10.0,2026-10-08|2026-12-13|2026-12-30,"Учебный синтетический профиль. Снимаю репортаж и постановочные портреты, передаю обработанные фотографии. Семейная тёплая атмосфера. Работаем в городе Астана. Форматы: свадьба, юбилей. Языки: русский, казахский. Стартовая стоимость — 195000 тенге; состав услуг согласуется отдельно."
SYN-2026-085,Сора Кирисима (syn),Шоу-программа,Алматы,true,true,230000,true,конференция|корпоратив,английский|русский,4.0,2026-09-28|2026-10-15|2026-12-20,"Учебный синтетический профиль. Предлагаем сценическое выступление с согласованным сценарием. Современный минималистичный стиль. Работаем в городе Алматы. Форматы: конференция, корпоратив. Языки: русский, английский. Стартовая стоимость — 230000 тенге; состав услуг согласуется отдельно. Проводим конкурсы и игры."
SYN-2026-086,Кай Кирисима (syn),Банкетный зал,Астана,true,true,1050000,true,день рождения|свадьба,казахский|русский,6.0,2026-10-05|2026-10-22|2026-12-27,"Учебный синтетический профиль. Предоставляем зал с банкетной рассадкой и местом для танцев. Спокойная камерная атмосфера. Работаем в городе Астана. Форматы: день рождения, свадьба. Языки: русский, казахский. Стартовая стоимость — 1050000 тенге; состав услуг согласуется отдельно."
SYN-2026-087,Наоки Кирисима (syn),Ведущий,Алматы,true,true,300000,true,конференция|той,казахский|русский,8.0,2026-09-25|2026-10-12|2026-10-29,"Учебный синтетический профиль. Веду программу с импровизацией и общением с гостями. Яркая динамичная программа. Работаем в городе Алматы. Форматы: конференция, той. Языки: русский, казахский. Стартовая стоимость — 300000 тенге; состав услуг согласуется отдельно. Проводим конкурсы и игры."
SYN-2026-088,Рику Кирисима (syn),Ведущий церемонии,Астана,true,true,335000,true,день рождения|юбилей,английский|русский,10.0,2026-10-02|2026-10-19|2026-11-05,"Учебный синтетический профиль. Готовлю персональный текст церемонии и согласую порядок выступлений. Деловой сдержанный стиль. Работаем в городе Астана. Форматы: день рождения, юбилей. Языки: русский, английский. Стартовая стоимость — 335000 тенге; состав услуг согласуется отдельно."
SYN-2026-089,Такуми Кирисима (syn),Видеограф,Алматы,true,true,370000,true,корпоратив|той,казахский|русский,4.0,2026-10-09|2026-10-26|2026-11-12,"Учебный синтетический профиль. Снимаю видеорепортаж и монтирую короткий фильм о событии. Семейная тёплая атмосфера. Работаем в городе Алматы. Форматы: корпоратив, той. Языки: русский, казахский. Стартовая стоимость — 370000 тенге; состав услуг согласуется отдельно."
SYN-2026-090,Хикару Кирисима (syn),Декоратор,Астана,true,true,405000,true,свадьба|юбилей,казахский|русский,6.0,2026-10-16|2026-11-02|2026-11-19,"Учебный синтетический профиль. Разрабатываю оформление сцены и фотозоны с монтажом и демонтажем. Современный минималистичный стиль. Работаем в городе Астана. Форматы: свадьба, юбилей. Языки: русский, казахский. Стартовая стоимость — 405000 тенге; состав услуг согласуется отдельно."
SYN-2026-091,Аой Кирисима (syn),Загородная площадка,Алматы,true,true,600000,true,конференция|корпоратив,английский|русский,8.0,2026-10-23|2026-11-09|2026-11-26,"Учебный синтетический профиль. Предоставляем открытую площадку и крытую зону на случай дождя. Спокойная камерная атмосфера. Работаем в городе Алматы. Форматы: конференция, корпоратив. Языки: русский, английский. Стартовая стоимость — 600000 тенге; состав услуг согласуется отдельно."
SYN-2026-092,Мио Кирисима (syn),Инструменталист,Астана,true,true,125000,true,день рождения|свадьба,казахский|русский,10.0,2026-10-30|2026-11-16|2026-12-03,"Учебный синтетический профиль. Исполняю инструментальную музыку для встречи гостей и основной программы. Яркая динамичная программа. Работаем в городе Астана. Форматы: день рождения, свадьба. Языки: русский, казахский. Стартовая стоимость — 125000 тенге; состав услуг согласуется отдельно."
SYN-2026-093,Рина Кирисима (syn),Лайв-бэнд,Алматы,true,true,160000,true,конференция|той,казахский|русский,4.0,2026-11-06|2026-11-23|2026-12-10,"Учебный синтетический профиль. Играем живую музыку; репертуар и технический райдер согласуем заранее. Деловой сдержанный стиль. Работаем в городе Алматы. Форматы: конференция, той. Языки: русский, казахский. Стартовая стоимость — 160000 тенге; состав услуг согласуется отдельно."
SYN-2026-094,Юна Кирисима (syn),Национальный ансамбль,Астана,true,true,195000,true,день рождения|юбилей,английский|русский,6.0,2026-11-13|2026-11-30|2026-12-17,"Учебный синтетический профиль. Исполняем национальную музыку с живым сопровождением. Семейная тёплая атмосфера. Работаем в городе Астана. Форматы: день рождения, юбилей. Языки: русский, английский. Стартовая стоимость — 195000 тенге; состав услуг согласуется отдельно."
SYN-2026-095,Сакура Кирисима (syn),Отель,Алматы,true,true,960000,true,корпоратив|той,казахский|русский,8.0,2026-11-20|2026-12-07|2026-12-24,"Учебный синтетический профиль. Предоставляем пространство для мероприятий и размещение гостей по согласованию. Современный минималистичный стиль. Работаем в городе Алматы. Форматы: корпоратив, той. Языки: русский, казахский. Стартовая стоимость — 960000 тенге; состав услуг согласуется отдельно."
SYN-2026-096,Каори Кирисима (syn),Подарки и сувениры,Астана,true,true,265000,true,свадьба|юбилей,казахский|русский,8.0,2026-11-27|2026-12-14|2026-12-31,"Учебный синтетический профиль. Готовим персонализированные сувениры для гостей с согласованным дизайном. Спокойная камерная атмосфера. Работаем в городе Астана. Форматы: свадьба, юбилей. Языки: русский, казахский. Стартовая стоимость — 265000 тенге; состав услуг согласуется отдельно. Сопровождение заказа в день мероприятия — до 8 часов."
SYN-2026-097,Асука Кирисима (syn),Ресторан,Алматы,true,true,1140000,true,конференция|корпоратив,английский|русский,4.0,2026-09-29|2026-12-04|2026-12-21,"Учебный синтетический профиль. Готовим банкетное меню и организуем обслуживание гостей. Яркая динамичная программа. Работаем в городе Алматы. Форматы: конференция, корпоратив. Языки: русский, английский. Стартовая стоимость — 1140000 тенге; состав услуг согласуется отдельно."
SYN-2026-098,Мэй Кирисима (syn),Танцевальный коллектив,Астана,true,true,335000,true,день рождения|свадьба,казахский|русский,6.0,2026-10-06|2026-12-11|2026-12-28,"Учебный синтетический профиль. Готовим сценические танцевальные номера и согласуем площадку. Деловой сдержанный стиль. Работаем в городе Астана. Форматы: день рождения, свадьба. Языки: русский, казахский. Стартовая стоимость — 335000 тенге; состав услуг согласуется отдельно."
SYN-2026-099,Нана Кирисима (syn),Флорист,Алматы,true,true,370000,true,конференция|той,казахский|русский,8.0,2026-09-26|2026-10-13|2026-12-18,"Учебный синтетический профиль. Создаю цветочные композиции для столов и церемоний. Семейная тёплая атмосфера. Работаем в городе Алматы. Форматы: конференция, той. Языки: русский, казахский. Стартовая стоимость — 370000 тенге; состав услуг согласуется отдельно."
SYN-2026-100,Хотару Кирисима (syn),Фото и видеобудки,Астана,true,true,405000,true,день рождения|юбилей,английский|русский,10.0,2026-10-03|2026-10-20|2026-12-25,"Учебный синтетический профиль. Устанавливаем фотобудку с реквизитом и оператором. Современный минималистичный стиль. Работаем в городе Астана. Форматы: день рождения, юбилей. Языки: русский, английский. Стартовая стоимость — 405000 тенге; состав услуг согласуется отдельно."
